period,FEDFUNDS,CPIAUCSL,DGS10,DEXUSEU,IR3TIB01EZM156N,CP0000EZ19M086NEST,IRLTLT01EZM156N,DEXJPUS,IR3TIB01JPM156N,JPNCPIALLMINMEI,IRLTLT01JPM156N,DEXUSUK,IR3TIB01GBM156N,GBRCPIALLMINMEI,IRLTLT01GBM156N,DEXCAUS,IR3TIB01CAM156N,CANCPIALLMINMEI,IRLTLT01CAM156N,DEXMXUS,IR3TIB01MXM156N,MEXCPIALLMINMEI,IRLTLT01MXM156N
1914-01-31,,,,,,,,,,,,,,,,,,4.740585,,,,,
1914-02-28,,,,,,,,,,,,,,,,,,4.740585,,,,,
1914-03-31,,,,,,,,,,,,,,,,,,4.740585,,,,,
1914-04-30,,,,,,,,,,,,,,,,,,4.740585,,,,,
1914-05-31,,,,,,,,,,,,,,,,,,4.661575,,,,,
1914-06-30,,,,,,,,,,,,,,,,,,4.740585,,,,,
1914-07-31,,,,,,,,,,,,,,,,,,4.661575,,,,,
1914-08-31,,,,,,,,,,,,,,,,,,4.740585,,,,,
1914-09-30,,,,,,,,,,,,,,,,,,4.740585,,,,,
1914-10-31,,,,,,,,,,,,,,,,,,4.819594,,,,,
1914-11-30,,,,,,,,,,,,,,,,,,4.819594,,,,,
1914-12-31,,,,,,,,,,,,,,,,,,4.819594,,,,,
1915-01-31,,,,,,,,,,,,,,,,,,4.819594,,,,,
1915-02-28,,,,,,,,,,,,,,,,,,4.819594,,,,,
1915-03-31,,,,,,,,,,,,,,,,,,4.819594,,,,,
1915-04-30,,,,,,,,,,,,,,,,,,4.819594,,,,,
1915-05-31,,,,,,,,,,,,,,,,,,4.819594,,,,,
1915-06-30,,,,,,,,,,,,,,,,,,4.819594,,,,,
1915-07-31,,,,,,,,,,,,,,,,,,4.819594,,,,,
1915-08-31,,,,,,,,,,,,,,,,,,4.819594,,,,,
1915-09-30,,,,,,,,,,,,,,,,,,4.819594,,,,,
1915-10-31,,,,,,,,,,,,,,,,,,4.819594,,,,,
1915-11-30,,,,,,,,,,,,,,,,,,4.977614,,,,,
1915-12-31,,,,,,,,,,,,,,,,,,4.977614,,,,,
1916-01-31,,,,,,,,,,,,,,,,,,5.056623,,,,,
1916-02-29,,,,,,,,,,,,,,,,,,5.135633,,,,,
1916-03-31,,,,,,,,,,,,,,,,,,5.135633,,,,,
1916-04-30,,,,,,,,,,,,,,,,,,5.135633,,,,,
1916-05-31,,,,,,,,,,,,,,,,,,5.135633,,,,,
1916-06-30,,,,,,,,,,,,,,,,,,5.214643,,,,,
1916-07-31,,,,,,,,,,,,,,,,,,5.214643,,,,,
1916-08-31,,,,,,,,,,,,,,,,,,5.214643,,,,,
1916-09-30,,,,,,,,,,,,,,,,,,5.372662999999999,,,,,
1916-10-31,,,,,,,,,,,,,,,,,,5.451673,,,,,
1916-11-30,,,,,,,,,,,,,,,,,,5.609692,,,,,
1916-12-31,,,,,,,,,,,,,,,,,,5.688701999999999,,,,,
1917-01-31,,,,,,,,,,,,,,,,,,5.846721,,,,,
1917-02-28,,,,,,,,,,,,,,,,,,5.846721,,,,,
1917-03-31,,,,,,,,,,,,,,,,,,6.004741,,,,,
1917-04-30,,,,,,,,,,,,,,,,,,6.004741,,,,,
1917-05-31,,,,,,,,,,,,,,,,,,6.24177,,,,,
1917-06-30,,,,,,,,,,,,,,,,,,6.32078,,,,,
1917-07-31,,,,,,,,,,,,,,,,,,6.32078,,,,,
1917-08-31,,,,,,,,,,,,,,,,,,6.32078,,,,,
1917-09-30,,,,,,,,,,,,,,,,,,6.32078,,,,,
1917-10-31,,,,,,,,,,,,,,,,,,6.478799,,,,,
1917-11-30,,,,,,,,,,,,,,,,,,6.478799,,,,,
1917-12-31,,,,,,,,,,,,,,,,,,6.557809,,,,,
1918-01-31,,,,,,,,,,,,,,,,,,6.636817999999999,,,,,
1918-02-28,,,,,,,,,,,,,,,,,,6.715828,,,,,
1918-03-31,,,,,,,,,,,,,,,,,,6.794838,,,,,
1918-04-30,,,,,,,,,,,,,,,,,,6.794838,,,,,
1918-05-31,,,,,,,,,,,,,,,,,,6.873848,,,,,
1918-06-30,,,,,,,,,,,,,,,,,,6.952857000000001,,,,,
1918-07-31,,,,,,,,,,,,,,,,,,7.031867,,,,,
1918-08-31,,,,,,,,,,,,,,,,,,7.268897,,,,,
1918-09-30,,,,,,,,,,,,,,,,,,7.268897,,,,,
1918-10-31,,,,,,,,,,,,,,,,,,7.347906,,,,,
1918-11-30,,,,,,,,,,,,,,,,,,7.426916,,,,,
1918-12-31,,,,,,,,,,,,,,,,,,7.426916,,,,,
1919-01-31,,,,,,,,,,,,,,,,,,7.505926,,,,,
1919-02-28,,,,,,,,,,,,,,,,,,7.426916,,,,,
1919-03-31,,,,,,,,,,,,,,,,,,7.426916,,,,,
1919-04-30,,,,,,,,,,,,,,,,,,7.426916,,,,,
1919-05-31,,,,,,,,,,,,,,,,,,7.663945,,,,,
1919-06-30,,,,,,,,,,,,,,,,,,7.663945,,,,,
1919-07-31,,,,,,,,,,,,,,,,,,7.742955,,,,,
1919-08-31,,,,,,,,,,,,,,,,,,7.9009740000000015,,,,,
1919-09-30,,,,,,,,,,,,,,,,,,7.9009740000000015,,,,,
1919-10-31,,,,,,,,,,,,,,,,,,7.9009740000000015,,,,,
1919-11-30,,,,,,,,,,,,,,,,,,7.979984,,,,,
1919-12-31,,,,,,,,,,,,,,,,,,8.058994,,,,,
1920-01-31,,,,,,,,,,,,,,,,,,8.375033,,,,,
1920-02-29,,,,,,,,,,,,,,,,,,8.533052,,,,,
1920-03-31,,,,,,,,,,,,,,,,,,8.849092,,,,,
1920-04-30,,,,,,,,,,,,,,,,,,8.928102,,,,,
1920-05-31,,,,,,,,,,,,,,,,,,9.165131,,,,,
1920-06-30,,,,,,,,,,,,,,,,,,9.32315,,,,,
1920-07-31,,,,,,,,,,,,,,,,,,9.32315,,,,,
1920-08-31,,,,,,,,,,,,,,,,,,9.24414,,,,,
1920-09-30,,,,,,,,,,,,,,,,,,9.086121,,,,,
1920-10-31,,,,,,,,,,,,,,,,,,9.086121,,,,,
1920-11-30,,,,,,,,,,,,,,,,,,8.928102,,,,,
1920-12-31,,,,,,,,,,,,,,,,,,8.849092,,,,,
1921-01-31,,,,,,,,,,,,,,,,,,8.691072,,,,,
1921-02-28,,,,,,,,,,,,,,,,,,8.533052,,,,,
1921-03-31,,,,,,,,,,,,,,,,,,8.296023,,,,,
1921-04-30,,,,,,,,,,,,,,,,,,8.058994,,,,,
1921-05-31,,,,,,,,,,,,,,,,,,7.9009740000000015,,,,,
1921-06-30,,,,,,,,,,,,,,,,,,7.663945,,,,,
1921-07-31,,,,,,,,,,,,,,,,,,7.663945,,,,,
1921-08-31,,,,,,,,,,,,,,,,,,7.663945,,,,,
1921-09-30,,,,,,,,,,,,,,,,,,7.663945,,,,,
1921-10-31,,,,,,,,,,,,,,,,,,7.663945,,,,,
1921-11-30,,,,,,,,,,,,,,,,,,7.426916,,,,,
1921-12-31,,,,,,,,,,,,,,,,,,7.426916,,,,,
1922-01-31,,,,,,,,,,,,,,,,,,7.426916,,,,,
1922-02-28,,,,,,,,,,,,,,,,,,7.347906,,,,,
1922-03-31,,,,,,,,,,,,,,,,,,7.268897,,,,,
1922-04-30,,,,,,,,,,,,,,,,,,7.268897,,,,,
1922-05-31,,,,,,,,,,,,,,,,,,7.189887,,,,,
1922-06-30,,,,,,,,,,,,,,,,,,7.189887,,,,,
1922-07-31,,,,,,,,,,,,,,,,,,7.189887,,,,,
1922-08-31,,,,,,,,,,,,,,,,,,7.268897,,,,,
1922-09-30,,,,,,,,,,,,,,,,,,7.268897,,,,,
1922-10-31,,,,,,,,,,,,,,,,,,7.268897,,,,,
1922-11-30,,,,,,,,,,,,,,,,,,7.268897,,,,,
1922-12-31,,,,,,,,,,,,,,,,,,7.268897,,,,,
1923-01-31,,,,,,,,,,,,,,,,,,7.268897,,,,,
1923-02-28,,,,,,,,,,,,,,,,,,7.268897,,,,,
1923-03-31,,,,,,,,,,,,,,,,,,7.347906,,,,,
1923-04-30,,,,,,,,,,,,,,,,,,7.268897,,,,,
1923-05-31,,,,,,,,,,,,,,,,,,7.268897,,,,,
1923-06-30,,,,,,,,,,,,,,,,,,7.268897,,,,,
1923-07-31,,,,,,,,,,,,,,,,,,7.189887,,,,,
1923-08-31,,,,,,,,,,,,,,,,,,7.268897,,,,,
1923-09-30,,,,,,,,,,,,,,,,,,7.268897,,,,,
1923-10-31,,,,,,,,,,,,,,,,,,7.268897,,,,,
1923-11-30,,,,,,,,,,,,,,,,,,7.268897,,,,,
1923-12-31,,,,,,,,,,,,,,,,,,7.268897,,,,,
1924-01-31,,,,,,,,,,,,,,,,,,7.268897,,,,,
1924-02-29,,,,,,,,,,,,,,,,,,7.268897,,,,,
1924-03-31,,,,,,,,,,,,,,,,,,7.268897,,,,,
1924-04-30,,,,,,,,,,,,,,,,,,7.110877,,,,,
1924-05-31,,,,,,,,,,,,,,,,,,7.031867,,,,,
1924-06-30,,,,,,,,,,,,,,,,,,6.952857000000001,,,,,
1924-07-31,,,,,,,,,,,,,,,,,,6.952857000000001,,,,,
1924-08-31,,,,,,,,,,,,,,,,,,7.110877,,,,,
1924-09-30,,,,,,,,,,,,,,,,,,7.110877,,,,,
1924-10-31,,,,,,,,,,,,,,,,,,7.110877,,,,,
1924-11-30,,,,,,,,,,,,,,,,,,7.189887,,,,,
1924-12-31,,,,,,,,,,,,,,,,,,7.189887,,,,,
1925-01-31,,,,,,,,,,,,,,,,,,7.268897,,,,,
1925-02-28,,,,,,,,,,,,,,,,,,7.268897,,,,,
1925-03-31,,,,,,,,,,,,,,,,,,7.268897,,,,,
1925-04-30,,,,,,,,,,,,,,,,,,7.189887,,,,,
1925-05-31,,,,,,,,,,,,,,,,,,7.110877,,,,,
1925-06-30,,,,,,,,,,,,,,,,,,7.110877,,,,,
1925-07-31,,,,,,,,,,,,,,,,,,7.110877,,,,,
1925-08-31,,,,,,,,,,,,,,,,,,7.189887,,,,,
1925-09-30,,,,,,,,,,,,,,,,,,7.189887,,,,,
1925-10-31,,,,,,,,,,,,,,,,,,7.268897,,,,,
1925-11-30,,,,,,,,,,,,,,,,,,7.268897,,,,,
1925-12-31,,,,,,,,,,,,,,,,,,7.347906,,,,,
1926-01-31,,,,,,,,,,,,,,,,,,7.268897,,,,,
1926-02-28,,,,,,,,,,,,,,,,,,7.268897,,,,,
1926-03-31,,,,,,,,,,,,,,,,,,7.268897,,,,,
1926-04-30,,,,,,,,,,,,,,,,,,7.268897,,,,,
1926-05-31,,,,,,,,,,,,,,,,,,7.268897,,,,,
1926-06-30,,,,,,,,,,,,,,,,,,7.268897,,,,,
1926-07-31,,,,,,,,,,,,,,,,,,7.268897,,,,,
1926-08-31,,,,,,,,,,,,,,,,,,7.268897,,,,,
1926-09-30,,,,,,,,,,,,,,,,,,7.268897,,,,,
1926-10-31,,,,,,,,,,,,,,,,,,7.268897,,,,,
1926-11-30,,,,,,,,,,,,,,,,,,7.268897,,,,,
1926-12-31,,,,,,,,,,,,,,,,,,7.268897,,,,,
1927-01-31,,,,,,,,,,,,,,,,,,7.268897,,,,,
1927-02-28,,,,,,,,,,,,,,,,,,7.268897,,,,,
1927-03-31,,,,,,,,,,,,,,,,,,7.189887,,,,,
1927-04-30,,,,,,,,,,,,,,,,,,7.110877,,,,,
1927-05-31,,,,,,,,,,,,,,,,,,7.110877,,,,,
1927-06-30,,,,,,,,,,,,,,,,,,7.110877,,,,,
1927-07-31,,,,,,,,,,,,,,,,,,7.189887,,,,,
1927-08-31,,,,,,,,,,,,,,,,,,7.110877,,,,,
1927-09-30,,,,,,,,,,,,,,,,,,7.110877,,,,,
1927-10-31,,,,,,,,,,,,,,,,,,7.110877,,,,,
1927-11-30,,,,,,,,,,,,,,,,,,7.189887,,,,,
1927-12-31,,,,,,,,,,,,,,,,,,7.189887,,,,,
1928-01-31,,,,,,,,,,,,,,,,,,7.268897,,,,,
1928-02-29,,,,,,,,,,,,,,,,,,7.268897,,,,,
1928-03-31,,,,,,,,,,,,,,,,,,7.189887,,,,,
1928-04-30,,,,,,,,,,,,,,,,,,7.189887,,,,,
1928-05-31,,,,,,,,,,,,,,,,,,7.110877,,,,,
1928-06-30,,,,,,,,,,,,,,,,,,7.110877,,,,,
1928-07-31,,,,,,,,,,,,,,,,,,7.110877,,,,,
1928-08-31,,,,,,,,,,,,,,,,,,7.268897,,,,,
1928-09-30,,,,,,,,,,,,,,,,,,7.268897,,,,,
1928-10-31,,,,,,,,,,,,,,,,,,7.268897,,,,,
1928-11-30,,,,,,,,,,,,,,,,,,7.268897,,,,,
1928-12-31,,,,,,,,,,,,,,,,,,7.268897,,,,,
1929-01-31,,,,,,,,,,,,,,,,,,7.268897,,,,,
1929-02-28,,,,,,,,,,,,,,,,,,7.268897,,,,,
1929-03-31,,,,,,,,,,,,,,,,,,7.268897,,,,,
1929-04-30,,,,,,,,,,,,,,,,,,7.189887,,,,,
1929-05-31,,,,,,,,,,,,,,,,,,7.268897,,,,,
1929-06-30,,,,,,,,,,,,,,,,,,7.268897,,,,,
1929-07-31,,,,,,,,,,,,,,,,,,7.268897,,,,,
1929-08-31,,,,,,,,,,,,,,,,,,7.268897,,,,,
1929-09-30,,,,,,,,,,,,,,,,,,7.268897,,,,,
1929-10-31,,,,,,,,,,,,,,,,,,7.347906,,,,,
1929-11-30,,,,,,,,,,,,,,,,,,7.347906,,,,,
1929-12-31,,,,,,,,,,,,,,,,,,7.426916,,,,,
1930-01-31,,,,,,,,,,,,,,,,,,7.426916,,,,,
1930-02-28,,,,,,,,,,,,,,,,,,7.426916,,,,,
1930-03-31,,,,,,,,,,,,,,,,,,7.347906,,,,,
1930-04-30,,,,,,,,,,,,,,,,,,7.268897,,,,,
1930-05-31,,,,,,,,,,,,,,,,,,7.268897,,,,,
1930-06-30,,,,,,,,,,,,,,,,,,7.268897,,,,,
1930-07-31,,,,,,,,,,,,,,,,,,7.268897,,,,,
1930-08-31,,,,,,,,,,,,,,,,,,7.268897,,,,,
1930-09-30,,,,,,,,,,,,,,,,,,7.031867,,,,,
1930-10-31,,,,,,,,,,,,,,,,,,7.031867,,,,,
1930-11-30,,,,,,,,,,,,,,,,,,7.031867,,,,,
1930-12-31,,,,,,,,,,,,,,,,,,6.952857000000001,,,,,
1931-01-31,,,,,,,,,,,,,,,,,,6.873848,,,,,
1931-02-28,,,,,,,,,,,,,,,,,,6.794838,,,,,
1931-03-31,,,,,,,,,,,,,,,,,,6.715828,,,,,
1931-04-30,,,,,,,,,,,,,,,,,,6.636817999999999,,,,,
1931-05-31,,,,,,,,,,,,,,,,,,6.557809,,,,,
1931-06-30,,,,,,,,,,,,,,,,,,6.478799,,,,,
1931-07-31,,,,,,,,,,,,,,,,,,6.399789,,,,,
1931-08-31,,,,,,,,,,,,,,,,,,6.478799,,,,,
1931-09-30,,,,,,,,,,,,,,,,,,6.399789,,,,,
1931-10-31,,,,,,,,,,,,,,,,,,6.24177,,,,,
1931-11-30,,,,,,,,,,,,,,,,,,6.24177,,,,,
1931-12-31,,,,,,,,,,,,,,,,,,6.24177,,,,,
1932-01-31,,,,,,,,,,,,,,,,,,6.16276,,,,,
1932-02-29,,,,,,,,,,,,,,,,,,6.004741,,,,,
1932-03-31,,,,,,,,,,,,,,,,,,6.004741,,,,,
1932-04-30,,,,,,,,,,,,,,,,,,6.004741,,,,,
1932-05-31,,,,,,,,,,,,,,,,,,5.846721,,,,,
1932-06-30,,,,,,,,,,,,,,,,,,5.846721,,,,,
1932-07-31,,,,,,,,,,,,,,,,,,5.846721,,,,,
1932-08-31,,,,,,,,,,,,,,,,,,5.846721,,,,,
1932-09-30,,,,,,,,,,,,,,,,,,5.846721,,,,,
1932-10-31,,,,,,,,,,,,,,,,,,5.767711,,,,,
1932-11-30,,,,,,,,,,,,,,,,,,5.767711,,,,,
1932-12-31,,,,,,,,,,,,,,,,,,5.767711,,,,,
1933-01-31,,,,,,,,,,,,,,,,,,5.688701999999999,,,,,
1933-02-28,,,,,,,,,,,,,,,,,,5.688701999999999,,,,,
1933-03-31,,,,,,,,,,,,,,,,,,5.609692,,,,,
1933-04-30,,,,,,,,,,,,,,,,,,5.609692,,,,,
1933-05-31,,,,,,,,,,,,,,,,,,5.609692,,,,,
1933-06-30,,,,,,,,,,,,,,,,,,5.609692,,,,,
1933-07-31,,,,,,,,,,,,,,,,,,5.609692,,,,,
1933-08-31,,,,,,,,,,,,,,,,,,5.688701999999999,,,,,
1933-09-30,,,,,,,,,,,,,,,,,,5.688701999999999,,,,,
1933-10-31,,,,,,,,,,,,,,,,,,5.609692,,,,,
1933-11-30,,,,,,,,,,,,,,,,,,5.609692,,,,,
1933-12-31,,,,,,,,,,,,,,,,,,5.609692,,,,,
1934-01-31,,,,,,,,,,,,,,,,,,5.688701999999999,,,,,
1934-02-28,,,,,,,,,,,,,,,,,,5.688701999999999,,,,,
1934-03-31,,,,,,,,,,,,,,,,,,5.767711,,,,,
1934-04-30,,,,,,,,,,,,,,,,,,5.767711,,,,,
1934-05-31,,,,,,,,,,,,,,,,,,5.688701999999999,,,,,
1934-06-30,,,,,,,,,,,,,,,,,,5.688701999999999,,,,,
1934-07-31,,,,,,,,,,,,,,,,,,5.688701999999999,,,,,
1934-08-31,,,,,,,,,,,,,,,,,,5.688701999999999,,,,,
1934-09-30,,,,,,,,,,,,,,,,,,5.688701999999999,,,,,
1934-10-31,,,,,,,,,,,,,,,,,,5.688701999999999,,,,,
1934-11-30,,,,,,,,,,,,,,,,,,5.688701999999999,,,,,
1934-12-31,,,,,,,,,,,,,,,,,,5.688701999999999,,,,,
1935-01-31,,,,,,,,,,,,,,,,,,5.688701999999999,,,,,
1935-02-28,,,,,,,,,,,,,,,,,,5.688701999999999,,,,,
1935-03-31,,,,,,,,,,,,,,,,,,5.688701999999999,,,,,
1935-04-30,,,,,,,,,,,,,,,,,,5.688701999999999,,,,,
1935-05-31,,,,,,,,,,,,,,,,,,5.688701999999999,,,,,
1935-06-30,,,,,,,,,,,,,,,,,,5.688701999999999,,,,,
1935-07-31,,,,,,,,,,,,,,,,,,5.688701999999999,,,,,
1935-08-31,,,,,,,,,,,,,,,,,,5.688701999999999,,,,,
1935-09-30,,,,,,,,,,,,,,,,,,5.767711,,,,,
1935-10-31,,,,,,,,,,,,,,,,,,5.767711,,,,,
1935-11-30,,,,,,,,,,,,,,,,,,5.846721,,,,,
1935-12-31,,,,,,,,,,,,,,,,,,5.846721,,,,,
1936-01-31,,,,,,,,,,,,,,,,,,5.846721,,,,,
1936-02-29,,,,,,,,,,,,,,,,,,5.846721,,,,,
1936-03-31,,,,,,,,,,,,,,,,,,5.846721,,,,,
1936-04-30,,,,,,,,,,,,,,,,,,5.767711,,,,,
1936-05-31,,,,,,,,,,,,,,,,,,5.767711,,,,,
1936-06-30,,,,,,,,,,,,,,,,,,5.767711,,,,,
1936-07-31,,,,,,,,,,,,,,,,,,5.846721,,,,,
1936-08-31,,,,,,,,,,,,,,,,,,5.846721,,,,,
1936-09-30,,,,,,,,,,,,,,,,,,5.846721,,,,,
1936-10-31,,,,,,,,,,,,,,,,,,5.925731,,,,,
1936-11-30,,,,,,,,,,,,,,,,,,5.925731,,,,,
1936-12-31,,,,,,,,,,,,,,,,,,5.925731,,,,,
1937-01-31,,,,,,,,,,,,,,,,,,6.004741,,,,,
1937-02-28,,,,,,,,,,,,,,,,,,6.004741,,,,,
1937-03-31,,,,,,,,,,,,,,,,,,6.004741,,,,,
1937-04-30,,,,,,,,,,,,,,,,,,6.004741,,,,,
1937-05-31,,,,,,,,,,,,,,,,,,6.004741,,,,,
1937-06-30,,,,,,,,,,,,,,,,,,6.004741,,,,,
1937-07-31,,,,,,,,,,,,,,,,,,6.004741,,,,,
1937-08-31,,,,,,,,,,,,,,,,,,6.08375,,,,,
1937-09-30,,,,,,,,,,,,,,,,,,6.08375,,,,,
1937-10-31,,,,,,,,,,,,,,,,,,6.16276,,,,,
1937-11-30,,,,,,,,,,,,,,,,,,6.16276,,,,,
1937-12-31,,,,,,,,,,,,,,,,,,6.16276,,,,,
1938-01-31,,,,,,,,,,,,,,,,,,6.08375,,,,,
1938-02-28,,,,,,,,,,,,,,,,,,6.08375,,,,,
1938-03-31,,,,,,,,,,,,,,,,,,6.16276,,,,,
1938-04-30,,,,,,,,,,,,,,,,,,6.16276,,,,,
1938-05-31,,,,,,,,,,,,,,,,,,6.08375,,,,,
1938-06-30,,,,,,,,,,,,,,,,,,6.08375,,,,,
1938-07-31,,,,,,,,,,,,,,,,,,6.16276,,,,,
1938-08-31,,,,,,,,,,,,,,,,,,6.16276,,,,,
1938-09-30,,,,,,,,,,,,,,,,,,6.08375,,,,,
1938-10-31,,,,,,,,,,,,,,,,,,6.004741,,,,,
1938-11-30,,,,,,,,,,,,,,,,,,6.004741,,,,,
1938-12-31,,,,,,,,,,,,,,,,,,6.004741,,,,,
1939-01-31,,,,,,,,,,,,,,,,,,6.004741,,,,,
1939-02-28,,,,,,,,,,,,,,,,,,6.004741,,,,,
1939-03-31,,,,,,,,,,,,,,,,,,6.004741,,,,,
1939-04-30,,,,,,,,,,,,,,,,,,6.004741,,,,,
1939-05-31,,,,,,,,,,,,,,,,,,6.004741,,,,,
1939-06-30,,,,,,,,,,,,,,,,,,6.004741,,,,,
1939-07-31,,,,,,,,,,,,,,,,,,6.004741,,,,,
1939-08-31,,,,,,,,,,,,,,,,,,6.004741,,,,,
1939-09-30,,,,,,,,,,,,,,,,,,6.004741,,,,,
1939-10-31,,,,,,,,,,,,,,,,,,6.16276,,,,,
1939-11-30,,,,,,,,,,,,,,,,,,6.16276,,,,,
1939-12-31,,,,,,,,,,,,,,,,,,6.16276,,,,,
1940-01-31,,,,,,,,,,,,,,,,,,6.16276,,,,,
1940-02-29,,,,,,,,,,,,,,,,,,6.16276,,,,,
1940-03-31,,,,,,,,,,,,,,,,,,6.24177,,,,,
1940-04-30,,,,,,,,,,,,,,,,,,6.24177,,,,,
1940-05-31,,,,,,,,,,,,,,,,,,6.24177,,,,,
1940-06-30,,,,,,,,,,,,,,,,,,6.24177,,,,,
1940-07-31,,,,,,,,,,,,,,,,,,6.32078,,,,,
1940-08-31,,,,,,,,,,,,,,,,,,6.32078,,,,,
1940-09-30,,,,,,,,,,,,,,,,,,6.399789,,,,,
1940-10-31,,,,,,,,,,,,,,,,,,6.399789,,,,,
1940-11-30,,,,,,,,,,,,,,,,,,6.399789,,,,,
1940-12-31,,,,,,,,,,,,,,,,,,6.478799,,,,,
1941-01-31,,,,,,,,,,,,,,,,,,6.478799,,,,,
1941-02-28,,,,,,,,,,,,,,,,,,6.478799,,,,,
1941-03-31,,,,,,,,,,,,,,,,,,6.478799,,,,,
1941-04-30,,,,,,,,,,,,,,,,,,6.478799,,,,,
1941-05-31,,,,,,,,,,,,,,,,,,6.478799,,,,,
1941-06-30,,,,,,,,,,,,,,,,,,6.636817999999999,,,,,
1941-07-31,,,,,,,,,,,,,,,,,,6.715828,,,,,
1941-08-31,,,,,,,,,,,,,,,,,,6.794838,,,,,
1941-09-30,,,,,,,,,,,,,,,,,,6.873848,,,,,
1941-10-31,,,,,,,,,,,,,,,,,,6.873848,,,,,
1941-11-30,,,,,,,,,,,,,,,,,,6.952857000000001,,,,,
1941-12-31,,,,,,,,,,,,,,,,,,6.873848,,,,,
1942-01-31,,,,,,,,,,,,,,,,,,6.873848,,,,,
1942-02-28,,,,,,,,,,,,,,,,,,6.873848,,,,,
1942-03-31,,,,,,,,,,,,,,,,,,6.952857000000001,,,,,
1942-04-30,,,,,,,,,,,,,,,,,,6.952857000000001,,,,,
1942-05-31,,,,,,,,,,,,,,,,,,6.952857000000001,,,,,
1942-06-30,,,,,,,,,,,,,,,,,,6.952857000000001,,,,,
1942-07-31,,,,,,,,,,,,,,,,,,7.031867,,,,,
1942-08-31,,,,,,,,,,,,,,,,,,7.031867,,,,,
1942-09-30,,,,,,,,,,,,,,,,,,6.952857000000001,,,,,
1942-10-31,,,,,,,,,,,,,,,,,,7.031867,,,,,
1942-11-30,,,,,,,,,,,,,,,,,,7.110877,,,,,
1942-12-31,,,,,,,,,,,,,,,,,,7.110877,,,,,
1943-01-31,,,,,,,,,,,,,,,,,,6.952857000000001,,,,,
1943-02-28,,,,,,,,,,,,,,,,,,6.952857000000001,,,,,
1943-03-31,,,,,,,,,,,,,,,,,,6.952857000000001,,,,,
1943-04-30,,,,,,,,,,,,,,,,,,7.110877,,,,,
1943-05-31,,,,,,,,,,,,,,,,,,7.110877,,,,,
1943-06-30,,,,,,,,,,,,,,,,,,7.110877,,,,,
1943-07-31,,,,,,,,,,,,,,,,,,7.189887,,,,,
1943-08-31,,,,,,,,,,,,,,,,,,7.189887,,,,,
1943-09-30,,,,,,,,,,,,,,,,,,7.268897,,,,,
1943-10-31,,,,,,,,,,,,,,,,,,7.268897,,,,,
1943-11-30,,,,,,,,,,,,,,,,,,7.268897,,,,,
1943-12-31,,,,,,,,,,,,,,,,,,7.268897,,,,,
1944-01-31,,,,,,,,,,,,,,,,,,7.189887,,,,,
1944-02-29,,,,,,,,,,,,,,,,,,7.189887,,,,,
1944-03-31,,,,,,,,,,,,,,,,,,7.189887,,,,,
1944-04-30,,,,,,,,,,,,,,,,,,7.189887,,,,,
1944-05-31,,,,,,,,,,,,,,,,,,7.189887,,,,,
1944-06-30,,,,,,,,,,,,,,,,,,7.189887,,,,,
1944-07-31,,,,,,,,,,,,,,,,,,7.189887,,,,,
1944-08-31,,,,,,,,,,,,,,,,,,7.189887,,,,,
1944-09-30,,,,,,,,,,,,,,,,,,7.189887,,,,,
1944-10-31,,,,,,,,,,,,,,,,,,7.189887,,,,,
1944-11-30,,,,,,,,,,,,,,,,,,7.189887,,,,,
1944-12-31,,,,,,,,,,,,,,,,,,7.110877,,,,,
1945-01-31,,,,,,,,,,,,,,,,,,7.110877,,,,,
1945-02-28,,,,,,,,,,,,,,,,,,7.189887,,,,,
1945-03-31,,,,,,,,,,,,,,,,,,7.189887,,,,,
1945-04-30,,,,,,,,,,,,,,,,,,7.189887,,,,,
1945-05-31,,,,,,,,,,,,,,,,,,7.189887,,,,,
1945-06-30,,,,,,,,,,,,,,,,,,7.268897,,,,,
1945-07-31,,,,,,,,,,,,,,,,,,7.268897,,,,,
1945-08-31,,,,,,,,,,,,,,,,,,7.268897,,,,,
1945-09-30,,,,,,,,,,,,,,,,,,7.268897,,,,,
1945-10-31,,,,,,,,,,,,,,,,,,7.268897,,,,,
1945-11-30,,,,,,,,,,,,,,,,,,7.268897,,,,,
1945-12-31,,,,,,,,,,,,,,,,,,7.268897,,,,,
1946-01-31,,,,,,,,,,,,,,,,,,7.268897,,,,,
1946-02-28,,,,,,,,,,,,,,,,,,7.268897,,,,,
1946-03-31,,,,,,,,,,,,,,,,,,7.268897,,,,,
1946-04-30,,,,,,,,,,,,,,,,,,7.268897,,,,,
1946-05-31,,,,,,,,,,,,,,,,,,7.268897,,,,,
1946-06-30,,,,,,,,,,,,,,,,,,7.426916,,,,,
1946-07-31,,,,,,,,,,,,,,,,,,7.505926,,,,,
1946-08-31,,,,,,,,,,,,,,,,,,7.584936,,,,,
1946-09-30,,,,,,,,,,,,,,,,,,7.584936,,,,,
1946-10-31,,,,,,,,,,,,,,,,,,7.663945,,,,,
1946-11-30,,,,,,,,,,,,,,,,,,7.663945,,,,,
1946-12-31,,,,,,,,,,,,,,,,,,7.663945,,,,,
1947-01-31,,21.48,,,,,,,,,,,,,,,,7.663945,,,,,
1947-02-28,,21.62,,,,,,,,,,,,,,,,7.663945,,,,,
1947-03-31,,22.0,,,,,,,,,,,,,,,,7.742955,,,,,
1947-04-30,,22.0,,,,,,,,,,,,,,,,7.821965,,,,,
1947-05-31,,21.95,,,,,,,,,,,,,,,,7.979984,,,,,
1947-06-30,,22.08,,,,,,,,,,,,,,,,8.058994,,,,,
1947-07-31,,22.23,,,,,,,,,,,,,,,,8.138003,,,,,
1947-08-31,,22.4,,,,,,,,,,,,,,,,8.138003,,,,,
1947-09-30,,22.84,,,,,,,,,,,,,,,,8.375033,,,,,
1947-10-31,,22.91,,,,,,,,,,,,,,,,8.533052,,,,,
1947-11-30,,23.06,,,,,,,,,,,,,,,,8.612062,,,,,
1947-12-31,,23.41,,,,,,,,,,,,,,,,8.770082,,,,,
1948-01-31,,23.68,,,,,,,,,,,,,,,,8.849092,,,,,
1948-02-29,,23.67,,,,,,,,,,,,,,,,9.007111,,,,,
1948-03-31,,23.5,,,,,,,,,,,,,,,,9.007111,,,,,
1948-04-30,,23.82,,,,,,,,,,,,,,,,9.086121,,,,,
1948-05-31,,24.01,,,,,,,,,,,,,,,,9.165131,,,,,
1948-06-30,,24.15,,,,,,,,,,,,,,,,9.32315,,,,,
1948-07-31,,24.4,,,,,,,,,,,,,,,,9.32315,,,,,
1948-08-31,,24.43,,,,,,,,,,,,,,,,9.40216,,,,,
1948-09-30,,24.36,,,,,,,,,,,,,,,,9.560179,,,,,
1948-10-31,,24.31,,,,,,,,,,,,,,,,9.560179,,,,,
1948-11-30,,24.16,,,,,,,,,,,,,,,,9.560179,,,,,
1948-12-31,,24.05,,,,,,,,,,,,,,,,9.560179,,,,,
1949-01-31,,24.01,,,,,,,,,,,,,,,,9.560179,,,,,
1949-02-28,,23.91,,,,,,,,,,,,,,,,9.560179,,,,,
1949-03-31,,23.91,,,,,,,,,,,,,,,,9.560179,,,,,
1949-04-30,,23.92,,,,,,,,,,,,,,,,9.560179,,,,,
1949-05-31,,23.91,,,,,,,,,,,,,,,,9.560179,,,,,
1949-06-30,,23.92,,,,,,,,,,,,,,,,9.560179,,,,,
1949-07-31,,23.7,,,,,,,,,,,,,,,,9.560179,,,,,
1949-08-31,,23.7,,,,,,,,,,,,,,,,9.639189,,,,,
1949-09-30,,23.75,,,,,,,,,,,,,,,,9.639189,,,,,
1949-10-31,,23.67,,,,,,,,,,,,,,,,9.718199,,,,,
1949-11-30,,23.7,,,,,,,,,,,,,,,,9.718199,,,,,
1949-12-31,,23.61,,,,,,,,,,,,,,,,9.639189,,,,,
1950-01-31,,23.51,,,,,,,,,,,,,,,,9.560179,,,,,
1950-02-28,,23.61,,,,,,,,,,,,,,,,9.639189,,,,,
1950-03-31,,23.64,,,,,,,,,,,,,,,,9.718199,,,,,
1950-04-30,,23.65,,,,,,,,,,,,,,,,9.718199,,,,,
1950-05-31,,23.77,,,,,,,,,,,,,,,,9.718199,,,,,
1950-06-30,,23.88,,,,,,,,,,,,,,,,9.718199,,,,,
1950-07-31,,24.07,,,,,,,,,,,,,,,,9.797209,,,,,
1950-08-31,,24.2,,,,,,,,,,,,,,,,9.876218,,,,,
1950-09-30,,24.34,,,,,,,,,,,,,,,,10.03424,,,,,
1950-10-31,,24.5,,,,,,,,,,,,,,,,10.19226,,,,,
1950-11-30,,24.6,,,,,,,,,,,,,,,,10.19226,,,,,
1950-12-31,,24.98,,,,,,,,,,,,,,,,10.19226,,,,,
1951-01-31,,25.38,,,,,,,,,,,,,,,,10.27127,,,,,
1951-02-28,,25.83,,,,,,,,,,,,,,,,10.5083,,,,,
1951-03-31,,25.88,,,,,,,,,,,,,,,,10.58731,,,,,
1951-04-30,,25.92,,,,,,,,,,,,,,,,10.74533,,,,,
1951-05-31,,25.99,,,,,,,,,,,,,,,,10.74533,,,,,
1951-06-30,,25.93,,,,,,,,,,,,,,,,10.98235,,,,,
1951-07-31,,25.91,,,,,,,,,,,,,,,,10.98235,,,,,
1951-08-31,,25.86,,,,,,,,,,,,,,,,11.06136,,,,,
1951-09-30,,26.03,,,,,,,,,,,,,,,,11.14037,,,,,
1951-10-31,,26.16,,,,,,,,,,,,,,,,11.21938,,,,,
1951-11-30,,26.32,,,,,,,,,,,,,,,,11.29839,,,,,
1951-12-31,,26.47,,,,,,,,,,,,,,,,11.29839,,,,,
1952-01-31,,26.45,,,,,,,,,,,,,,,,11.3774,,,,,
1952-02-29,,26.41,,,,,,,,,,,,,,,,11.29839,,,,,
1952-03-31,,26.39,,,,,,,,,,,,,,,,11.21938,,,,,
1952-04-30,,26.46,,,,,,,,,,,,,,,,11.21938,,,,,
1952-05-31,,26.47,,,,,,,,,,,,,,,,11.14037,,,,,
1952-06-30,,26.53,,,,,,,,,,,,,,,,11.14037,,,,,
1952-07-31,,26.68,,,,,,,,,,,,,,,,11.14037,,,,,
1952-08-31,,26.69,,,,,,,,,,,,,,,,11.14037,,,,,
1952-09-30,,26.63,,,,,,,,,,,,,,,,11.14037,,,,,
1952-10-31,,26.69,,,,,,,,,,,,,,,,11.14037,,,,,
1952-11-30,,26.69,,,,,,,,,,,,,,,,11.14037,,,,,
1952-12-31,,26.71,,,,,,,,,,,,,,,,11.14037,,,,,
1953-01-31,,26.64,,,,,,,,,,,,,,,,11.14037,,,,,
1953-02-28,,26.59,,,,,,,,,,,,,,,,11.06136,,,,,
1953-03-31,,26.63,,,,,,,,,,,,,,,,10.98235,,,,,
1953-04-30,,26.69,,,,,,,,,,,,,,,,10.98235,,,,,
1953-05-31,,26.7,,,,,,,,,,,,,,,,10.98235,,,,,
1953-06-30,,26.77,,,,,,,,,,,,,,,,10.98235,,,,,
1953-07-31,,26.79,,,,,,,,,,,,,,,,10.98235,,,,,
1953-08-31,,26.85,,,,,,,,,,,,,,,,11.14037,,,,,
1953-09-30,,26.89,,,,,,,,,,,,,,,,11.14037,,,,,
1953-10-31,,26.95,,,,,,,,,,,,,,,,11.21938,,,,,
1953-11-30,,26.85,,,,,,,,,,,,,,,,11.14037,,,,,
1953-12-31,,26.87,,,,,,,,,,,,,,,,11.14037,,,,,
1954-01-31,,26.94,,,,,,,,,,,,,,,,11.14037,,,,,
1954-02-28,,26.99,,,,,,,,,,,,,,,,11.14037,,,,,
1954-03-31,,26.93,,,,,,,,,,,,,,,,11.06136,,,,,
1954-04-30,,26.86,,,,,,,,,,,,,,,,11.06136,,,,,
1954-05-31,,26.93,,,,,,,,,,,,,,,,11.06136,,,,,
1954-06-30,,26.94,,,,,,,,,,,,,,,,11.14037,,,,,
1954-07-31,0.8,26.86,,,,,,,,,,,,,,,,11.14037,,,,,
1954-08-31,1.22,26.85,,,,,,,,,,,,,,,,11.21938,,,,,
1954-09-30,1.07,26.81,,,,,,,,,,,,,,,,11.21938,,,,,
1954-10-31,0.85,26.72,,,,,,,,,,,,,,,,11.21938,,,,,
1954-11-30,0.83,26.78,,,,,,,,,,,,,,,,11.21938,,,,,
1954-12-31,1.28,26.77,,,,,,,,,,,,,,,,11.14037,,,,,
1955-01-31,1.39,26.77,,,,,,,,17.098589999999998,,,,4.859513,,,,11.14037,3.2,,,,
1955-02-28,1.29,26.82,,,,,,,,17.098589999999998,,,,4.859513,,,,11.14037,3.13,,,,
1955-03-31,1.35,26.79,,,,,,,,16.98852,,,,4.859513,,,,11.14037,3.09,,,,
1955-04-30,1.43,26.79,,,,,,,,17.135279999999998,,,,4.885972,,,,11.14037,3.09,,,,
1955-05-31,1.43,26.77,,,,,,,,16.97017,,,,4.877152,,,,11.14037,3.11,,,,
1955-06-30,1.64,26.71,,,,,,,,16.98852,,,,4.978576,,,,11.14037,3.1,,,,
1955-07-31,1.68,26.76,,,,,,,,16.915129999999998,,,,4.996214,,,,11.14037,3.12,,,,
1955-08-31,1.96,26.72,,,,,,,,17.02521,,,,4.960937,,,,11.14037,3.21,,,,
1955-09-30,2.18,26.85,,,,,,,,17.098589999999998,,,,4.991805,,,,11.21938,3.25,,,,
1955-10-31,2.24,26.82,,,,,,,,17.20867,,,,5.044722,,,,11.21938,3.26,,,,
1955-11-30,2.35,26.88,,,,,,,,16.80506,,,,5.124096,,,,11.21938,3.3,,,,
1955-12-31,2.48,26.87,,,,,,,,16.73167,,,,5.124096,,,,11.21938,3.41,,,,
1956-01-31,2.45,26.83,,,,,,,,16.8234,,,,5.106458,,,2.94,11.21938,3.38,,,,
1956-02-29,2.5,26.86,,,,,,,,16.97017,,,,5.106458,,,2.94,11.14037,3.3,,,,
1956-03-31,2.5,26.89,,,,,,,,17.00686,,,,5.172842,,,2.68,11.14037,3.36,,,,
1956-04-30,2.62,26.93,,,,,,,,17.04355,,,,5.244332,,,3.19,11.14037,3.51,,,,
1956-05-31,2.75,27.03,,,,,,,,16.97017,,,,5.234119000000001,,,3.53,11.14037,3.57,,,,
1956-06-30,2.71,27.15,,,,,,,,17.31875,,,,5.229012,,,3.78,11.29839,3.45,,,,
1956-07-31,2.75,27.29,,,,,,,,16.97017,,,,5.2085870000000005,,,3.95,11.3774,3.48,,,,
1956-08-31,2.73,27.31,,,,,,,,17.0619,,,,5.223906,,,4.12,11.45641,3.7,,,,
1956-09-30,2.95,27.35,,,,,,,,17.20867,,,,5.213693,,,4.12,11.3774,3.81,,,,
1956-10-31,2.96,27.51,,,,,,,,17.3004,,,,5.244332,,,4.29,11.45641,3.87,,,,
1956-11-30,2.88,27.51,,,,,,,,17.00686,,,,5.2647580000000005,,,4.29,11.53542,3.9,,,,
1956-12-31,2.94,27.63,,,,,,,,17.19032,,,,5.280077,,,4.98,11.53542,3.94,,,,
1957-01-31,2.84,27.67,,,,,,,,17.37379,,,4.84,5.331142,,,4.98,11.53542,4.1,,,,
1957-02-28,3.0,27.8,,,,,,,,17.33709,,,4.44,5.326035,,,5.32,11.53542,4.06,,,,
1957-03-31,2.96,27.86,,,,,,,,17.392129999999998,,,4.25,5.315823,,,5.32,11.53542,4.0,,,,
1957-04-30,3.0,27.93,,,,,,,,17.50221,,,4.18,5.336248,,,5.32,11.61443,4.03,,,,
1957-05-31,3.0,28.0,,,,,,,,17.648979999999998,,,4.04,5.341355,,,5.32,11.61443,4.19,,,,
1957-06-30,3.0,28.11,,,,,,,,17.59394,,,4.08,5.397526,,,5.32,11.69344,4.22,,,,
1957-07-31,2.99,28.19,,,,,,,,17.79575,,,4.06,5.443484,,,5.32,11.69344,4.25,,,,
1957-08-31,3.24,28.28,,,,,,,,17.92417,,,4.17,5.433271,,,5.32,11.77245,4.33,,,,
1957-09-30,3.47,28.32,,,,,,,,17.83244,,,5.4,5.417952,,,5.32,11.85146,4.32,,,,
1957-10-31,3.5,28.32,,,,,,,,17.7774,,,6.81,5.469016000000001,,,5.32,11.85146,4.19,,,,
1957-11-30,3.28,28.41,,,,,,,,17.5389,,,6.77,5.499655000000001,,,5.15,11.85146,3.98,,,,
1957-12-31,2.98,28.47,,,,,,,,17.50221,,,6.67,5.525187,,,5.06,11.77245,3.83,,,,
1958-01-31,2.72,28.64,,,,,,,,17.5389,,,6.51,5.520080999999999,,,4.89,11.85146,3.93,,,,
1958-02-28,1.67,28.7,,,,,,,,17.392129999999998,,,6.17,5.494548,,,3.78,11.85146,3.94,,,,
1958-03-31,1.2,28.87,,,,,,,,17.31875,,,5.96,5.5354,,,3.7,11.93047,3.96,,,,
1958-04-30,1.26,28.94,,,,,,,,17.392129999999998,,,5.47,5.596677,,,3.02,11.93047,3.95,,,,
1958-05-31,0.63,28.94,,,,,,,,17.37379,,,5.24,5.576251999999999,,,2.94,11.93047,3.86,,,,
1958-06-30,0.93,28.91,,,,,,,,17.57559,,,4.64,5.627316,,,2.77,11.93047,3.91,,,,
1958-07-31,0.68,28.89,,,,,,,,17.50221,,,4.31,5.540506,,,2.52,11.93047,4.06,,,,
1958-08-31,1.53,28.94,,,,,,,,17.685670000000002,,,3.98,5.530293,,,2.52,11.93047,4.11,,,,
1958-09-30,1.76,28.91,,,,,,,,17.59394,,,3.82,5.5354,,,2.77,12.08849,4.19,,,,
1958-10-31,1.8,28.91,,,,,,,,17.74071,,,3.79,5.586464,,,2.94,12.08849,4.31,,,,
1958-11-30,2.27,28.95,,,,,,,,17.55725,,,3.67,5.606891,,,2.77,12.08849,4.54,,,,
1958-12-31,2.42,28.97,,,,,,,,17.5389,,,3.34,5.627316,,,3.28,12.08849,4.63,,,,
1959-01-31,2.48,29.01,,,,,,,,17.55725,,,3.28,5.637529,,,3.28,12.08849,4.63,,,,
1959-02-28,2.43,29.0,,,,,,,,17.48386,,,3.23,5.632423,,,3.87,12.08849,4.68,,,,
1959-03-31,2.8,28.97,,,,,,,,17.5389,,,3.41,5.632423,,,4.55,12.00948,4.86,,,,
1959-04-30,2.96,28.98,,,,,,,,17.63063,,,3.4,5.591571,,,4.65,12.00948,4.79,,,,
1959-05-31,2.9,29.04,,,,,,,,17.50221,,,3.44,5.571145,,,5.23,12.08849,4.95,,,,
1959-06-30,3.39,29.11,,,,,,,,17.63063,,,3.54,5.581358,,,5.23,11.93047,5.03,,,,
1959-07-31,3.47,29.15,,,,,,,,17.648979999999998,,,3.57,5.566039,,,5.4,12.08849,5.02,,,,
1959-08-31,3.5,29.18,,,,,,,,17.92417,,,3.6,5.581358,,,6.48,12.08849,5.2,,,,
1959-09-30,3.76,29.25,,,,,,,,17.75905,,,3.59,5.550719,,,6.43,12.24651,5.42,,,,
1959-10-31,3.98,29.35,,,,,,,,17.99755,,,3.58,5.576251999999999,,,6.0,12.24651,5.33,,,,
1959-11-30,4.0,29.35,,,,,,,,17.905820000000002,,,3.55,5.617104,,,5.58,12.24651,5.3,,,,
1959-12-31,3.99,29.41,,,,,,,,17.905820000000002,,,3.72,5.627316,,,5.49,12.24651,5.37,,,,
1960-01-31,3.99,29.37,,,,,,,,18.12598,,,4.14,5.611997,5.33,,5.4,12.24651,5.54,,,,
1960-02-29,3.97,29.41,,,,,,,,18.14432,,,4.69,5.611997,5.4,,5.23,12.24651,5.46,,,,
1960-03-31,3.84,29.41,,,,,,,,18.08928,,,4.74,5.601783999999999,5.59,,4.12,12.1675,5.39,,,,
1960-04-30,3.92,29.54,,,,,,,,18.19936,,,4.8,5.632423,5.67,,4.29,12.24651,5.29,,,,
1960-05-31,3.85,29.57,,,,,,,,18.36448,,,4.76,5.632423,5.69,,3.78,12.24651,5.21,,,,
1960-06-30,3.32,29.61,,,,,,,,18.29109,,,5.03,5.663062,6.04,,3.87,12.24651,5.07,,,,
1960-07-31,3.23,29.55,,,,,,,,18.27275,,,5.76,5.673275,6.01,,3.78,12.24651,5.08,,,,
1960-08-31,2.98,29.61,,,,,,,,18.41951,,,5.75,5.637529,6.03,,3.02,12.24651,4.98,,,,
1960-09-30,2.6,29.61,,,,,,,,18.56628,,,5.71,5.642636,6.1,,2.52,12.24651,4.8,,,,
1960-10-31,2.47,29.75,,,,,,,,18.65801,,,5.62,5.688594,6.1,,3.45,12.40453,4.96,,,,
1960-11-30,2.44,29.78,,,,,,,,18.40117,,,4.98,5.714126,6.14,,4.21,12.40453,5.2,,,,
1960-12-31,1.98,29.81,,,,,,,,18.54794,,,4.63,5.729445,6.17,,4.29,12.40453,5.28,,,,
1961-01-31,1.45,29.84,,,,,,,,18.80478,,,4.44,5.734552,6.15,,3.78,12.40453,5.27,,,,
1961-02-28,2.54,29.84,,,,,,,,18.89651,,,4.48,5.734552,6.0,,3.53,12.40453,5.17,,,,
1961-03-31,2.02,29.84,,,,,,,,18.859820000000003,,,4.61,5.754978,6.06,,3.78,12.40453,5.14,,,,
1961-04-30,1.49,29.81,,,,,,,,19.04328,,,4.63,5.785616,6.03,,3.53,12.40453,5.21,,,,
1961-05-31,1.98,29.84,,,,,,,,18.95155,,,4.55,5.800936,6.09,,3.78,12.40453,5.17,,,,
1961-06-30,1.73,29.84,,,,,,,,18.95155,,,4.64,5.852,6.34,,3.28,12.40453,5.04,,,,
1961-07-31,1.17,29.92,,,,,,,,19.26344,,,5.1,5.852,6.56,,3.02,12.40453,4.95,,,,
1961-08-31,2.0,29.94,,,,,,,,19.41021,,,6.91,5.908172,6.69,,3.28,12.40453,4.99,,,,
1961-09-30,1.88,29.98,,,,,,,,19.52028,,,6.84,5.897958999999999,6.68,,3.11,12.40453,4.98,,,,
1961-10-31,2.26,29.98,,,,,,,,19.94224,,,6.32,5.908172,6.11,,3.02,12.40453,4.97,,,,
1961-11-30,2.61,29.98,,,,,,,,20.03397,,,5.67,5.969449,6.21,,2.85,12.40453,4.87,,,,
1961-12-31,2.33,30.01,,,,,,,,20.21744,,,5.61,5.979662,6.25,,3.45,12.40453,4.94,,,,
1962-01-31,2.15,30.04,4.1,,,,,,,20.34586,,,5.65,6.000088,6.2,,3.514,12.40453,4.96,,,,
1962-02-28,2.37,30.11,4.0,,,,,,,20.27247,,,5.65,6.006088,6.27,,3.3825,12.40453,4.95,,,,
1962-03-31,2.85,30.17,3.86,,,,,,,20.30917,,,5.13,6.030088,6.27,,3.31,12.40453,4.88,,,,
1962-04-30,2.78,30.21,3.86,,,,,,,20.52932,,,4.5,6.114089,6.28,,3.4175,12.48354,4.81,,,,
1962-05-31,2.36,30.24,3.9,,,,,,,20.6394,,,4.14,6.13209,6.28,,3.546,12.48354,4.89,,,,
1962-06-30,2.68,30.21,4.0,,,,,,,20.56601,,,3.99,6.1740900000000005,6.19,,4.1275,12.56255,5.13,,,,
1962-07-31,2.71,30.22,4.04,,,,,,,20.76782,,,4.09,6.1500900000000005,5.81,,5.6975,12.56255,5.41,,,,
1962-08-31,2.93,30.28,3.96,,,,,,,20.76782,,,4.02,6.096089,5.62,,5.698,12.64156,5.42,,,,
1962-09-30,2.9,30.42,3.94,,,,,,,20.69444,,,3.93,6.090089,4.89,,5.445,12.56255,5.38,,,,
1962-10-31,2.9,30.38,3.92,,,,,,,20.85955,,,3.92,6.084089,5.05,,4.964,12.64156,5.19,,,,
1962-11-30,2.94,30.38,3.92,,,,,,,20.78617,,,4.03,6.108089,5.17,,4.38,12.64156,5.06,,,,
1962-12-31,2.93,30.38,3.85,,,,,,,21.20813,,,3.86,6.13809,5.14,,4.3125,12.64156,5.11,,,,
1963-01-31,2.92,30.44,3.87,,,,,,,21.5567,,,3.69,6.16209,5.23,,4.248,12.64156,5.1,,,,
1963-02-28,3.0,30.48,3.94,,,,,,,21.65424,,,3.63,6.2160910000000005,5.43,,4.1625,12.64156,5.11,,,,
1963-03-31,2.98,30.51,3.95,,,,,,,21.75179,,,3.7,6.222091000000001,5.45,,4.155,12.64156,5.11,,,,
1963-04-30,2.9,30.48,3.95,,,,,,,21.84933,,,3.88,6.2400910000000005,5.29,,3.8075,12.64156,5.01,,,,
1963-05-31,3.0,30.51,3.96,,,,,,,22.02003,,,3.88,6.234091,5.17,,3.582,12.64156,4.95,,,,
1963-06-30,2.99,30.61,4.0,,,,,,,22.19072,,,3.84,6.234091,5.08,,3.6275,12.64156,4.95,,,,
1963-07-31,3.02,30.69,4.0,,,,,,,22.04441,,,3.87,6.198091000000001,5.06,,3.806,12.79958,5.06,,,,
1963-08-31,3.49,30.75,4.02,,,,,,,21.97125,,,3.85,6.18009,4.96,,4.1675,12.87859,5.22,,,,
1963-09-30,3.48,30.72,4.07,,,,,,,22.41019,,,3.88,6.198091000000001,4.9,,4.13,12.79958,5.22,,,,
1963-10-31,3.5,30.75,4.15,,,,,,,22.33704,,,3.86,6.222091000000001,4.97,,4.0,12.79958,5.07,,,,
1963-11-30,3.48,30.78,4.08,,,,,,,22.23949,,,3.91,6.2400910000000005,5.21,,4.115,12.87859,5.14,,,,
1963-12-31,3.38,30.88,4.14,,,,,,,22.33704,,,3.91,6.252091,5.24,,4.3275,12.87859,5.15,,,,
1964-01-31,3.48,30.94,4.15,,,,,,,22.361420000000003,,,3.91,6.282092,5.27,,4.202,12.87859,5.17,,,,
1964-02-29,3.48,30.91,4.18,,,,,,,22.33704,,,4.0,6.288092,5.45,,4.06,12.87859,5.17,,,,
1964-03-31,3.43,30.94,4.23,,,,,,,22.43458,,,4.53,6.312092,5.46,,4.17,12.87859,5.22,,,,
1964-04-30,3.47,30.95,4.22,,,,,,,22.702820000000003,,,4.53,6.366093,5.49,,4.118,12.9576,5.24,,,,
1964-05-31,3.5,30.98,4.19,,,,,,,22.80036,,,4.56,6.420094000000001,5.55,,4.05,12.9576,5.2,,,,
1964-06-30,3.5,31.01,4.15,,,,,,,22.75159,,,4.65,6.444094000000001,5.64,,4.02,12.9576,5.2,,,,
1964-07-31,3.42,31.02,4.19,,,,,,,22.62966,,,4.73,6.444094000000001,5.76,,4.032,13.03661,5.21,,,,
1964-08-31,3.5,31.05,4.21,,,,,,,22.87351,,,4.84,6.468094000000001,5.75,,4.2225,13.03661,5.24,,,,
1964-09-30,3.45,31.08,4.18,,,,,,,23.16614,,,4.84,6.468094000000001,5.77,,4.308,13.03661,5.22,,,,
1964-10-31,3.36,31.12,4.16,,,,,,,23.58069,,,4.88,6.474094,5.84,,4.38,13.03661,5.19,,,,
1964-11-30,3.52,31.21,4.2,,,,,,,23.38561,,,5.42,6.528095,6.07,,4.36,13.03661,5.09,,,,
1964-12-31,3.85,31.25,4.21,,,,,,,23.38561,,,6.84,6.552096,6.38,,4.59,13.11562,5.06,,,,
1965-01-31,3.9,31.28,4.19,,,,,,,23.8977,,,6.84,6.570096,6.35,,4.3625,13.11562,4.98,,,,
1965-02-28,3.98,31.28,4.22,,,,,,,23.84893,,,6.75,6.570096,6.36,,4.37,13.11562,5.0,,,,
1965-03-31,4.05,31.31,4.2,,,,,,,23.99524,,,6.74,6.594096,6.52,,4.444,13.11562,5.09,,,,
1965-04-30,4.09,31.38,4.21,,,,,,,24.50734,,,6.78,6.720097999999999,6.6,,4.48,13.194629999999998,5.05,,,,
1965-05-31,4.1,31.48,4.23,,,,,,,24.36102,,,6.73,6.744099,6.69,,4.685,13.194629999999998,5.08,,,,
1965-06-30,4.05,31.61,4.2,,,,,,,24.31225,,,6.04,6.762099,6.73,,4.816,13.35265,5.15,,,,
1965-07-31,4.09,31.58,4.22,,,,,,,24.19033,,,5.97,6.762099,6.79,,4.9,13.35265,5.24,,,,
1965-08-31,4.12,31.55,4.27,,,,,,,24.31225,,,5.97,6.7740990000000005,6.68,,5.17,13.35265,5.3,,,,
1965-09-30,4.02,31.62,4.35,,,,,,,24.65365,,,5.97,6.780099000000001,6.47,,5.226,13.35265,5.3,,,,
1965-10-31,4.08,31.65,4.41,,,,,,,24.97066,,,5.92,6.786099,6.43,,5.34,13.35265,5.36,,,,
1965-11-30,4.1,31.75,4.48,,,,,,,24.72681,,,5.91,6.8161,6.41,,5.65,13.43166,5.42,,,,
1965-12-31,4.32,31.85,4.65,,,,,,,24.8975,,,5.91,6.8461,6.59,,5.96,13.51067,5.42,,,,
1966-01-31,4.42,31.88,4.69,,,,,,,25.14136,,,5.91,6.8581,6.42,,6.0475,13.51067,5.41,,,,
1966-02-28,4.6,32.08,5.02,,,,,,,25.33644,,,5.95,6.8641,6.55,,6.02,13.58968,5.54,,,,
1966-03-31,4.66,32.18,4.71,,,,,,,25.43398,,,5.97,6.876100999999999,6.73,,6.05,13.66869,5.63,,,,
1966-04-30,4.67,32.28,4.79,,,,,,,25.72661,,,5.97,6.960102,6.7,,6.055,13.7477,5.6,,,,
1966-05-31,4.9,32.35,4.8,,,,,,,25.55591,,,5.97,7.008102,6.76,,6.1375,13.7477,5.6,,,,
1966-06-30,5.17,32.38,4.97,,,,,,,25.60468,,,5.97,7.026103,7.0,,6.244,13.8267,5.64,,,,
1966-07-31,5.3,32.45,5.05,,,,,,,25.67784,,,6.56,6.9961020000000005,7.34,,6.3175,13.8267,5.72,,,,
1966-08-31,5.53,32.65,5.36,,,,,,,25.48275,,,6.97,7.038103,7.49,,6.344,13.90571,5.88,,,,
1966-09-30,5.4,32.75,5.02,,,,,,,25.77538,,,7.01,7.026103,7.0,,6.405,13.90571,5.79,,,,
1966-10-31,5.53,32.85,4.97,,,,,,,25.94608,,,6.97,7.044103,6.92,,6.3825,13.90571,5.73,,,,
1966-11-30,5.76,32.88,5.12,,,,,,,25.75099,,,6.93,7.086103,6.86,,6.47,13.90571,5.82,,,,
1966-12-31,5.4,32.92,4.64,,,,,,,25.99485,,,6.94,7.098103999999999,6.63,,6.6025,13.98472,5.86,,,,
1967-01-31,4.94,32.9,4.52,,,,,,,26.287470000000003,,,6.77,7.110104,6.57,,6.44,13.98472,5.62,,,,
1967-02-28,5.0,33.0,4.72,,,,,,,26.4094,,,6.4,7.116103999999999,6.4,,6.0375,13.98472,5.57,,,,
1967-03-31,4.53,33.0,4.5,,,,,,,26.458170000000003,,,6.18,7.116103999999999,6.43,,5.566,14.06373,5.5,,,,
1967-04-30,4.05,33.1,4.78,,,,,,,26.53133,,,5.69,7.170105,6.37,,5.01,14.14274,5.51,,,,
1967-05-31,3.94,33.1,4.81,,,,,,,26.36063,,,5.51,7.164105,6.42,,5.046,14.22175,5.72,,,,
1967-06-30,3.98,33.3,5.22,,,,,,,26.21432,,,5.44,7.194105,6.64,,5.4225,14.30076,5.85,,,,
1967-07-31,3.79,33.4,5.16,,,,,,,26.18993,,,5.47,7.152104,6.81,,5.5875,14.37977,5.85,,,,
1967-08-31,3.9,33.5,5.27,,,,,,,26.4094,,,5.53,7.134104,6.71,,5.63,14.45878,5.92,,,,
1967-09-30,3.99,33.6,5.31,,,,,,,26.82395,,,5.54,7.128104,6.74,,5.825,14.45878,6.05,,,,
1967-10-31,3.88,33.7,5.64,,,,,,,27.28727,,,5.79,7.182105,6.9,,6.5025,14.45878,6.32,,,,
1967-11-30,4.13,33.9,5.74,,,,,,,27.26289,,,6.88,7.2241050000000016,7.1,,6.524,14.45878,6.39,,,,
1967-12-31,4.51,34.0,5.7,,,,,,,27.45797,,,7.78,7.272106,7.31,,6.575,14.53779,6.48,,,,
1968-01-31,4.61,34.1,5.54,,,,,,,27.67744,,,7.78,7.296107000000002,7.3,,6.578,14.6168,6.49,,,,
1968-02-29,4.71,34.2,5.56,,,,,,,27.79937,,,7.75,7.3321070000000015,7.27,,6.8,14.6168,6.69,,,,
1968-03-31,5.05,34.3,5.76,,,,,,,27.84814,,,7.65,7.356108,7.3,,7.1375,14.69581,6.88,,,,
1968-04-30,5.76,34.4,5.74,,,,,,,27.9213,,,7.41,7.488110000000002,7.27,,7.2575,14.69581,6.61,,,,
1968-05-31,6.12,34.5,5.86,,,,,,,27.9213,,,7.42,7.494110000000002,7.36,,7.35,14.69581,6.81,,,,
1968-06-30,6.07,34.7,5.64,,,,,,,27.67744,,,7.53,7.52411,7.61,,7.3275,14.77482,6.74,,,,
1968-07-31,6.03,34.9,5.39,,,,,,,27.67744,,,7.58,7.53011,7.69,,7.118,14.93284,6.6,,,,
1968-08-31,6.03,35.0,5.42,,,,,,,27.9213,,,7.44,7.542110000000002,7.55,,6.7225,15.01185,6.45,,,,
1968-09-30,5.78,35.1,5.49,,,,,,,28.55532,,,7.3,7.54811,7.5,,6.215,15.01185,6.51,,,,
1968-10-31,5.91,35.3,5.61,,,,,,,28.5797,,,6.97,7.584111,7.52,,6.318,15.01185,6.8,,,,
1968-11-30,5.82,35.4,5.78,,,,,,,28.65286,,,7.02,7.602111,7.73,,6.4475,15.16987,6.93,,,,
1968-12-31,6.02,35.6,6.16,,,,,,,28.53093,,,7.25,7.704113,8.01,,6.55,15.16987,7.19,,,,
1969-01-31,6.3,35.7,6.19,,,,,,,28.62847,,,7.28,7.746113,8.26,,6.858,15.16987,7.23,,,0.0132278799999999,
1969-02-28,6.61,35.8,6.26,,,,,,,28.62847,,,7.33,7.788114,8.4,,6.885,15.16987,7.16,,,0.01327536,
1969-03-31,6.79,36.1,6.3,,,,,,,28.9211,,,8.35,7.818114,8.66,,6.9525,15.248879999999998,7.24,,,0.01328846,
1969-04-30,7.41,36.3,6.2,,,,,,,29.21372,,,8.41,7.9021149999999984,8.65,,7.064,15.48591,7.23,,,0.01332448,
1969-05-31,8.67,36.4,6.56,,,,,,,29.23811,,,8.45,7.890115,8.97,,7.1325,15.48591,7.38,,,0.01332448,
1969-06-30,8.9,36.6,6.73,,,,,,,29.28688,,,8.68,7.926116,9.29,,7.5975,15.56492,7.55,,,0.01337196,
1969-07-31,8.61,36.8,6.66,,,,,,,29.65266,,,8.87,7.926116,8.98,,8.082,15.64393,7.54,,,0.01342272,
1969-08-31,9.19,36.9,6.83,,,,,,,29.9209,,,8.87,7.908115,9.02,,8.355,15.72294,7.51,,,0.01343746,
1969-09-30,9.15,37.1,7.51,,,,,,,30.14037,,,8.87,7.9321160000000015,9.06,,8.43,15.72294,7.72,,,0.01356353,
1969-10-31,9.0,37.3,6.94,,,,,,,30.28668,,,8.87,7.992116999999999,8.84,,8.55,15.72294,7.84,,,0.01370597,
1969-11-30,8.85,37.5,7.29,,,,,,,30.16475,,,8.87,8.010117999999999,8.92,,8.6025,15.72294,8.03,,,0.01370761,
1969-12-31,8.97,37.7,7.88,,,,,,,30.35984,,,8.87,8.064117,8.91,,9.03,15.88096,8.27,,,0.01381076,
1970-01-31,8.98,37.9,7.75,,,,7.752553,,,30.84754,,,8.87,8.130118,8.89,,9.065,15.959970000000002,8.34,,,0.01391555,
1970-02-28,8.98,38.1,6.9,,,,7.903703,,,30.84754,,,8.87,8.172119,8.68,,8.575,15.959970000000002,8.21,,,0.01391391,
1970-03-31,7.76,38.3,7.08,,,,8.11234,,,31.15297,,,8.61,8.22012,8.54,,8.2375,15.959970000000002,8.05,,,0.01395485,
1970-04-30,8.1,38.5,7.82,,,,8.072667,,,31.45839,,,8.29,8.346122,8.55,,7.738,16.03898,7.88,,,0.01397285,
1970-05-31,7.95,38.6,7.95,,,,8.243205,,,31.35658,,,8.06,8.370122,8.8,,7.855,16.03898,8.18,,,0.01400233,
1970-06-30,7.61,38.8,7.68,,,,8.447445,,,31.35658,,,8.06,8.394123,8.85,,7.3275,16.03898,8.06,,,0.01408747,
1970-07-31,7.21,38.9,7.38,,,,8.350388,,,31.35658,,,8.06,8.454123,8.5,,7.624,16.197,7.97,,,0.01415624,
1970-08-31,6.62,39.0,7.49,,,,8.39389,,,31.25477,,,8.06,8.448124,8.33,,7.6275,16.197,7.99,,,0.01422173,
1970-09-30,6.29,39.2,7.29,,,,8.409963,,,31.76381,,,8.06,8.490124,8.43,,6.86,16.11799,7.92,,,0.01425611,
1970-10-31,6.2,39.4,7.33,,,,8.426637,,,32.27284,,,8.06,8.580126,8.42,,6.835,16.11799,7.93,,,0.0142610199999999,
1970-11-30,5.6,39.6,6.49,,,,8.373195,,,32.27284,,,8.06,8.640125999999999,8.69,,6.12,16.11799,7.8,,,0.01433798,
1970-12-31,4.9,39.8,6.5,,,,8.222966,,,32.47646,,,8.06,8.700128,8.93,,5.582,16.03898,7.26,,,0.01445914,
1971-01-31,4.14,39.9,6.09,,,,7.905951,357.72,,32.78188,,2.4174,8.06,8.820128,8.8,1.008,5.775,16.11799,6.69,,,0.0146015899999999,
1971-02-28,3.72,39.9,6.14,,,,7.830704,357.56,,32.78188,,2.416,8.06,8.86813,8.59,1.007,5.4725,16.197,6.81,,,0.01466217,
1971-03-31,3.71,40.0,5.53,,,,7.845216,357.42,,32.88369,,2.4168,8.06,8.94013,8.34,1.0081,4.092,16.197,6.8,,,0.0147178299999999,
1971-04-30,4.16,40.1,6.08,,,,7.856379,357.4,,33.29091,,2.4193,7.06,9.132133,8.21,1.0091,3.745,16.35502,6.83,,,0.01479315,
1971-05-31,4.63,40.3,6.38,,,,7.89686,357.4,,33.392720000000004,,2.4178,7.05,9.192134,8.09,1.0101,3.9025,16.35502,7.19,,,0.01482426,
1971-06-30,4.91,40.5,6.7,,,,8.039046,357.4,,33.49453,,2.4196,6.74,9.258135,8.14,1.0235,3.91,16.43403,7.25,,,0.0148913899999999,
1971-07-31,5.31,40.6,6.85,,,,8.069148,357.39,,33.49453,,2.4184,6.43,9.312136,7.71,1.0188,4.4375,16.59205,7.41,,,0.01487993,
1971-08-31,5.57,40.7,6.28,,,,8.016785,339.85,,33.49453,,2.4535,6.02,9.318136,7.69,1.0142,4.545,16.75007,7.34,,,0.01501583,
1971-09-30,5.55,40.8,6.0,,,,7.995011,335.35,,34.30898,,2.4847,5.3,9.330136,7.47,1.0093,4.796,16.67106,7.0,,,0.01506495,
1971-10-31,5.2,40.9,5.87,,,,7.902785,329.5,,34.410790000000006,,2.4914,4.91,9.384137,7.24,1.0036,5.155,16.75007,6.82,,,0.01507969,
1971-11-30,4.91,41.0,5.93,,,,7.845936,327.44,,34.10537,,2.4937,4.77,9.438138,7.05,1.0036,4.605,16.75007,6.66,,,0.01510424,
1971-12-31,4.14,41.1,5.89,,,,7.789369,315.01,,34.10537,,2.552,4.51,9.486138,7.09,1.0024,4.396,16.82907,6.54,,,0.01517629,
1972-01-31,3.51,41.2,6.09,,,,7.678324,310.56,,34.10537,,2.5937,4.43,9.540139000000002,7.03,1.0056,4.0625,16.908079999999998,6.66,,,0.01524341,
1972-02-29,3.3,41.4,6.04,,,,7.557993,303.4,,34.30898,,2.6059,4.85,9.58814,7.05,1.0012,4.4975,16.98709,6.87,,,0.0152909,
1972-03-31,3.83,41.4,6.12,,,,7.526637,304.32,,34.61441,,2.6163,4.79,9.61814,7.39,0.9977,5.256,17.0661,7.07,,,0.0153744,
1972-04-30,4.17,41.5,6.14,,,,7.582169,304.88,,35.02163,,2.611,4.62,9.708142,7.44,0.9924,5.7525,17.14511,7.32,,,0.015471,
1972-05-31,4.27,41.6,6.05,,,,7.50905,304.69,,35.12344,,2.613,4.62,9.756143,7.85,0.9812,6.018,17.14511,7.33,,,0.01550211,
1972-06-30,4.46,41.7,6.15,,,,7.557907,300.93,,35.12344,,2.441,5.72,9.822144,8.95,0.9856,5.515,17.14511,7.39,,,0.01561672,
1972-07-31,4.55,41.8,6.12,,,,7.582335,301.39,,35.12344,,2.4498,6.8,9.852144,8.9,0.9834,4.98,17.38214,7.48,,,0.0156756699999999,
1972-08-31,4.81,41.9,6.42,,,,7.577326,301.11,,35.42886,,2.4483,7.08,9.930145,9.05,0.9832,4.836,17.54016,7.46,,,0.0157788199999999,
1972-09-30,4.87,42.1,6.54,,,,7.588698,301.11,,35.63248,,2.4195,7.13,9.984146,9.29,0.9835,5.025,17.61917,7.48,,,0.01585086,
1972-10-31,5.05,42.2,6.41,,,,7.696853,301.11,,35.836090000000006,,2.3405,7.34,10.12215,9.1,0.9832,5.025,17.61917,7.34,,,0.0158623199999999,
1972-11-30,5.06,42.4,6.28,,,,7.810791,301.11,,35.73428,,2.3522,7.84,10.15815,9.09,0.9945,5.124,17.61917,7.18,,,0.0159654699999999,
1972-12-31,5.33,42.5,6.41,,,,7.936406,301.66,,36.0397,,2.348,8.09,10.21215,9.36,0.9956,5.085,17.698179999999997,7.12,,,0.0160194999999999,
1973-01-31,5.94,42.7,6.54,,,,8.004867,301.39,,36.34513,,2.3817,8.75,10.27815,9.17,1.0009,5.116,17.8562,7.12,,,0.0162519999999999,
1973-02-28,6.58,43.0,6.64,,,,7.935751,265.67,,36.65055,,2.49,9.35,10.34415,9.33,0.9942,4.9375,18.01422,7.18,,,0.01638626,
1973-03-31,7.09,43.4,6.73,,,,7.986922,265.96,,37.56681,,2.4755,9.77,10.40415,9.78,0.9991,5.1025,18.01422,7.3,,,0.0165303499999999,
1973-04-30,7.12,43.7,6.7,,,,8.06778,265.53,,38.27946,,2.489,8.72,10.60215,9.66,1.0032,5.5825,18.25125,7.34,,,0.0167923199999999,
1973-05-31,7.84,43.9,6.93,,,,8.360784,264.69,,38.8903,,2.5661,8.46,10.68016,9.74,0.9951,6.35,18.33026,7.58,,,0.0169707899999999,
1973-06-30,8.49,44.2,6.94,,,,8.486979,263.16,,38.99211,,2.581,8.07,10.73416,9.88,0.9985,7.085,18.48828,7.76,,,0.0171099499999999,
1973-07-31,10.4,44.2,7.43,,,,8.539714,263.44,,39.29753,,2.499,8.74,10.78216,10.43,1.0015,7.705,18.72531,7.75,,,0.0175487499999999,
1973-08-31,10.5,45.0,7.25,,,,8.591274,265.39,,39.60295,,2.458,12.55,10.81216,11.22,1.0056,8.31,18.96234,7.8,,,0.01783038,
1973-09-30,10.78,45.2,6.9,,,,8.67481,265.6,,40.72283,,2.4135,12.59,10.90816,11.48,1.0058,8.8025,19.04135,7.82,,,0.01825444,
1973-10-31,10.01,45.6,6.71,,,,8.612548,266.95,,40.92645,,2.4385,11.98,11.12416,11.29,0.999,9.35,19.12036,7.63,,,0.0184885699999999,
1973-11-30,10.03,45.9,6.69,,,,8.681376,280.11,,41.23186,,2.343,12.4,11.20816,12.08,1.0002,9.35,19.27838,7.37,,,0.0187161599999999,
1973-12-31,9.95,46.3,6.9,,,,8.853853,280.27,,42.55536,,2.3225,13.76,11.29216,12.64,0.996,9.925,19.35739,7.69,,,0.0194431299999999,
1974-01-31,9.65,46.8,7.0,,,,9.028589,298.77,,44.387890000000006,,2.286,13.72,11.50817,13.0,0.9882,9.468,19.51541,7.74,,,0.0201389899999999,
1974-02-28,8.97,47.3,7.01,,,,9.398973,288.43,,45.81318,,2.3015,13.63,11.70381,13.46,0.9685,8.745,19.67343,7.73,,,0.02059416,
1974-03-31,9.35,47.8,7.41,,,,9.593311000000002,276.09,,46.11861,,2.393,14.4,11.80738,13.51,0.9728,8.9075,19.91046,7.92,,,0.0207529899999999,
1974-04-30,10.51,48.1,7.66,,,,9.711231,279.64,,47.23848,,2.424,13.93,12.21017,13.82,0.9606,10.4175,20.06848,8.59,,,0.0210345999999999,
1974-05-31,11.31,48.6,7.52,,,,10.00017,281.93,,47.4421,,2.396,13.34,12.38279,13.33,0.9622,11.782,20.46352,8.87,,,0.02119998,
1974-06-30,11.93,49.0,7.64,,,,10.48198,284.25,,47.74752,,2.3905,12.6,12.50938,13.81,0.9723,11.375,20.62154,9.26,,,0.0214095499999999,
1974-07-31,12.92,49.3,7.89,,,,10.62748,298.24,,48.66378,,2.387,13.22,12.62446,14.17,0.9792,11.648,20.77956,9.66,,,0.0217189999999999,
1974-08-31,12.01,49.9,8.11,,,,10.72116,302.94,,49.17282,,2.3162,12.81,12.63597,14.52,0.9877,11.805,21.01659,9.73,,,0.0219482299999999,
1974-09-30,11.34,50.6,7.94,,,,10.74501,298.33,,49.88547,,2.3325,12.09,12.77407,14.17,0.9859,11.54,21.17461,9.76,,,0.0221970999999999,
1974-10-31,10.06,51.0,7.79,,,,10.71857,299.94,,51.00534,,2.3355,11.95,13.02725,14.61,0.9846,10.752,21.41164,9.42,,,0.0226375299999999,
1974-11-30,9.45,51.5,7.64,,,,10.49011,300.3,,51.41257,,2.3255,12.09,13.25741,15.76,0.9874,9.795,21.56966,8.92,,,0.0232662699999999,
1974-12-31,8.53,51.9,7.4,,,,10.55281,301.02,,51.51438,,2.347,12.93,13.45305,16.32,0.9914,10.4175,21.80669,8.84,,,0.0234480099999999,
1975-01-31,7.13,52.3,7.53,,,,10.08654,297.97,,52.12522,,2.3825,11.95,13.79829,15.07,0.9995,8.476,21.80669,8.42,,,0.02374764,
1975-02-28,6.24,52.6,7.46,,,,9.880766,286.45,,52.22703,,2.43,11.42,14.02846,13.33,0.9982,6.895,22.04372,8.2,,,0.02387862,
1975-03-31,5.54,52.8,8.01,,,,9.72824,294.03,,52.63426,,2.406,10.38,14.30465,12.24,1.0035,6.77,22.12273,8.26,,,0.0240292499999999,
1975-04-30,5.49,53.0,8.31,,,,9.734974,292.23,,53.55052,,2.351,9.54,14.85705,12.42,1.0194,7.094,22.28075,8.73,,,0.0242322799999999,
1975-05-31,5.22,53.1,8.04,,,,9.518357,291.55,,53.85594,,2.316,10.1,15.47849,13.11,1.0228,7.51,22.51778,8.81,,,0.02455647,
1975-06-30,5.55,53.5,7.96,,,,9.441504,295.68,,53.85594,,2.1935,9.68,15.7777,12.99,1.0306,7.2825,22.75481,8.8,,,0.02497398,
1975-07-31,6.1,54.0,8.2,,,,9.335235,297.71,,54.05956,,2.154,9.93,15.93881,12.75,1.0318,7.484,23.07084,9.06,,,0.02517374,
1975-08-31,6.14,54.2,8.22,,,,9.432022000000002,297.97,,53.85594,,2.11,10.53,16.03088,12.77,1.0324,8.355,23.30787,9.41,,,0.0253915,
1975-09-30,6.24,54.6,8.48,,,,9.557984,302.85,,55.077630000000006,,2.043,10.45,16.168979999999998,12.76,1.0252,8.94,23.38688,9.7,,,0.0255765199999999,
1975-10-31,5.82,54.9,7.91,,,,9.38034,301.75,,55.89209,,2.078,11.41,16.39914,13.51,1.0175,8.888,23.5449,9.54,,,0.0257074999999999,
1975-11-30,5.22,55.3,8.14,,,,9.240782,303.12,,55.68847,,2.02,11.18,16.59478,13.66,1.0108,9.1725,23.78193,9.45,,,0.0258876099999999,
1975-12-31,5.2,55.6,7.76,,,,9.241016,305.16,,55.68847,,2.0235,10.88,16.80193,13.57,1.0168,9.418,23.86094,9.54,,,0.0260988199999999,
1976-01-31,4.87,55.8,7.8,,,,9.362705,303.67,,56.70654,,2.0295,10.04,17.02058,12.64,1.0011,9.04,23.93995,9.39,,,0.02660312,
1976-02-29,4.77,55.9,7.77,,,,9.386747,302.11,,57.11377,,2.0252,8.98,17.23924,12.13,0.9848,8.9075,24.09797,9.29,,,0.02710086,
1976-03-31,4.84,56.0,7.66,,,,9.542863,299.58,,57.31738000000001,,1.9159,8.56,17.3313,12.55,0.9843,9.806,24.17698,9.47,,,0.0273661,
1976-04-30,4.82,56.1,7.67,,,,9.841007,299.04,,58.64088,,1.84,9.04,17.66504,12.47,0.9789,9.73,24.25599,9.33,,,0.0275576699999999,
1976-05-31,5.29,56.4,7.96,,,,10.08663,300.03,,58.84449,,1.7595,10.28,17.86068,12.37,0.98,9.435,24.41401,9.33,,,0.02775087,
1976-06-30,5.48,56.7,7.86,,,,10.38447,297.97,,58.9463,,1.785,11.09,17.95274,13.45,0.9688,9.39,24.57203,9.32,,,0.0278622099999999,
1976-07-31,5.31,57.0,7.86,,,,10.16386,293.26,,59.35352,,1.785,10.99,17.987270000000002,13.56,0.9752,9.34,24.73005,9.35,,,0.02809799,
1976-08-31,5.29,57.3,7.66,,,,10.41784,289.35,,58.9463,,1.7775,10.96,18.24045,13.67,0.9815,9.34,24.73005,9.32,,,0.0283664999999999,
1976-09-30,5.25,57.6,7.55,,,,10.39514,286.86,,60.4734,,1.66,11.98,18.48212,14.18,0.9732,9.47,24.88807,9.14,,,0.02933416,
1976-10-31,5.02,57.9,7.42,,,,10.54226,294.38,,60.77882,,1.588,14.25,18.81586,15.67,0.9722,9.27,25.04609,9.13,,,0.03098621,
1976-11-30,4.95,58.1,7.01,,,,10.377,297.09,,60.77882,,1.651,14.3,19.08054,15.46,1.0354,9.04,25.1251,9.01,,,0.0323861199999999,
1976-12-31,4.65,58.4,6.81,,,,10.38712,293.08,,61.49146999999999,,1.701,13.9,19.33372,15.17,1.0094,8.55,25.20411,8.67,,,0.03319822,
1977-01-31,4.61,58.7,7.4,,,,10.32347,288.43,,62.00051,,1.715,13.0,19.84008,14.07,1.02,8.1275,25.44114,8.5,,,0.0342559299999999,
1977-02-28,4.68,59.3,7.45,,,,10.34273,282.81,,62.40774,,1.713,11.33,20.03572,13.34,1.0465,7.835,25.59916,8.57,,,0.03501237,
1977-03-31,4.69,59.6,7.42,,,,10.26659,277.55,,62.71316,,1.72,9.99,20.23136,12.44,1.0571,7.77,25.9152,8.76,,,0.03562309,
1977-04-30,4.73,60.0,7.45,,,,10.27807,277.78,,63.73123,,1.7192,8.35,20.74923,12.18,1.0476,7.64,26.07322,8.8,,,0.03616177,
1977-05-31,5.35,60.2,7.38,,,,10.16762,277.28,,64.34206999999999,,1.7191,7.55,20.91034,11.86,1.0513,7.38,26.38926,8.81,,,0.0364794099999999,
1977-06-30,5.39,60.5,7.2,,,,10.22348,267.59,,64.13846,,1.7197,7.73,21.129,12.52,1.0599,7.042,26.46826,8.74,,,0.03692639,
1977-07-31,5.42,60.8,7.42,,,,10.15033,266.81,,63.93484,,1.7365,7.61,21.15201,12.87,1.0689,7.185,26.7843,8.72,,,0.03734391,
1977-08-31,5.9,61.1,7.28,,,,10.08498,267.5,,64.03665,,1.7428,6.87,21.25559,12.29,1.0748,7.51,26.7843,8.67,,,0.0381101699999999,
1977-09-30,6.14,61.3,7.41,,,,10.01941,263.71,,65.05471999999999,,1.7476,5.92,21.37067,11.03,1.0737,7.315,27.02133,8.57,,,0.0387863899999999,
1977-10-31,6.47,61.6,7.62,,,,10.03544,249.13,,65.46195,,1.8395,4.83,21.46273,10.31,1.1083,7.38,27.25836,8.69,,,0.0390827399999999,
1977-11-30,6.51,62.0,7.55,,,,9.969873,244.02,,64.7493,,1.817,5.13,21.56631,10.72,1.1078,7.458,27.41638,8.73,,,0.03951008,
1977-12-31,6.56,62.3,7.78,,,,9.937547,239.98,,64.64749,,1.917,6.58,21.68139,10.7,1.0946,7.2725,27.5744,8.76,,,0.0400569399999999,
1978-01-31,6.7,62.7,7.94,,,,9.757384,241.6,,64.8511,,1.9475,6.01,21.80798,10.61,1.1078,7.1675,27.73242,8.98,,,0.04094765,
1978-02-28,6.78,63.0,8.04,,,,9.745911,238.1,,65.25834,,1.941,6.43,21.93457,10.39,1.115,7.2675,27.96945,9.12,,,0.04153544,
1978-03-31,6.79,63.4,8.15,,,,9.647067,229.89,,65.76737,,1.862,6.46,22.07267,11.2,1.1322,7.57,28.20648,9.15,,,0.04196769,
1978-04-30,6.89,63.9,8.24,,,,9.518571,224.97,,66.48002,,1.823,7.34,22.3949,11.91,1.1312,8.3575,28.28549,9.23,,,0.0424343299999999,
1978-05-31,7.36,64.5,8.42,,,,9.63628,221.34,,66.88725,,1.8335,8.86,22.52148,12.28,1.1231,8.172,28.68054,9.16,,,0.0428501999999999,
1978-06-30,7.6,65.0,8.62,,,,9.571094,203.71,,66.58183000000001,,1.861,9.63,22.69411,12.48,1.1247,8.3575,28.91757,9.23,,,0.04343964,
1978-07-31,7.81,65.5,8.56,,,,9.57506,189.14,,66.78544000000001,,1.931,9.84,22.79768,12.37,1.1315,8.4475,29.31261,9.19,,,0.04417643,
1978-08-31,8.04,65.9,8.39,,,,9.525956,190.51,,66.98906,,1.943,9.36,22.94729,12.23,1.1513,8.942,29.39162,9.13,,,0.04461687,
1978-09-30,8.45,66.5,8.56,,,,9.628968,189.19,,67.70170999999999,,1.975,9.26,23.03935,12.38,1.1836,9.27,29.31261,9.16,,,0.0451260799999999,
1978-10-31,8.96,67.1,8.96,,,,9.805702,179.5,,67.80351,,2.076,10.29,23.14293,12.72,1.1671,9.78,29.70766,9.3,,,0.04567294,
1978-11-30,9.76,67.5,8.86,,,,9.849514,199.1,,67.19266999999999,,1.944,11.85,23.30404,13.09,1.1718,10.626,29.86568,9.55,,,0.0461428499999999,
1978-12-31,10.03,67.9,9.15,,,,9.658335,194.3,,67.09087,,2.0415,12.07,23.49968,13.12,1.1867,10.6075,29.94469,9.63,,,0.04653417,
1979-01-31,10.07,68.5,8.95,,,,9.62363,202.2,,67.19266999999999,,1.9896,12.37,23.84492,13.55,1.2004,10.97,30.10271,9.83,,,0.04818622,
1979-02-28,10.06,69.2,9.17,,,,9.741858,202.65,,66.98906,,2.0234,12.89,24.04056,13.99,1.1937,11.005,30.49776,9.91,,,0.0488788,
1979-03-31,10.09,69.9,9.11,,,,9.8235,209.58,,67.5999,,2.0625,11.68,24.2362,12.08,1.1606,11.11,30.8138,9.92,,,0.04954191,
1979-04-30,10.01,70.6,9.35,,,,9.927376,221.8,,68.41435,,2.068,11.52,24.6505,11.39,1.1422,11.24,31.05083,9.76,,,0.04998563,
1979-05-31,10.24,71.4,9.06,,,,10.20096,220.35,,69.0252,,2.07,11.56,24.84613,11.75,1.1608,11.286,31.36687,9.76,,,0.05064056,
1979-06-30,10.29,72.2,8.81,,,,10.39924,217.8,,69.12701,,2.181,12.93,25.27194,12.56,1.168,11.19,31.52489,9.74,,,0.0512021599999999,
1979-07-31,10.47,73.0,9.01,,,,10.52924,216.7,,69.73785,,2.2475,13.71,26.36521,12.34,1.1697,11.2625,31.76192,9.76,,,0.0518226999999999,
1979-08-31,10.94,73.7,9.24,,,,10.59905,220.4,,69.0252,,2.2527,13.8,26.57236,12.26,1.1663,11.79,31.84093,10.01,,,0.05260697,
1979-09-30,11.43,74.4,9.44,,,,10.67042,224.5,,69.94145999999999,,2.203,14.07,26.83705,12.56,1.1606,12.0,32.15697,10.29,,,0.0532520699999999,
1979-10-31,13.77,75.2,10.72,,,,10.84679,237.85,,70.75591999999999,,2.0745,14.05,27.11325,13.09,1.1845,13.47,32.39399,10.85,,,0.0541820699999999,
1979-11-30,13.18,76.0,10.38,,,,11.13737,249.55,,70.45049,,2.199,16.04,27.35492,14.76,1.1706,14.1625,32.71003,11.12,,,0.05487957,
1979-12-31,13.78,76.9,10.33,,,,11.42005,240.3,,70.95953,,2.2185,16.63,27.55055,15.02,1.1684,14.05,32.86805,11.2,,,0.05585049,
1980-01-31,13.82,78.0,11.13,,,,11.50233,239.33,,71.57037,,2.2667,16.7,28.229540000000004,14.41,1.1585,13.91,33.026070000000004,11.69,,,0.05857335,
1980-02-29,14.13,79.0,12.72,,,,12.08525,251.65,,72.18121,,2.273,17.4,28.63232,14.74,1.145,14.0375,33.42112,12.61,,,0.05992742,
1980-03-31,17.19,80.1,12.64,,,,12.68496,249.95,,72.58845,,2.16,17.57,29.0236,14.93,1.1915,14.725,33.65815,13.22,,,0.06116031,
1980-04-30,17.61,80.9,10.76,,,,12.57242,239.35,,73.91193,,2.2585,17.08,30.0133,14.42,1.1881,16.13,33.89518,12.56,,,0.0622294799999999,
1980-05-31,10.98,81.7,10.25,,,,12.26384,223.0,,74.52278000000001,,2.3425,16.58,30.2895,14.11,1.1588,12.975,34.29023,11.4,,,0.06324462,
1980-06-30,9.47,82.5,10.09,,,,12.10574,219.9,,74.8282,,2.3555,16.29,30.5772,13.78,1.1512,11.6375,34.68528,11.28,,,0.0644987999999999,
1980-07-31,9.03,82.6,10.76,,,,12.12374,227.4,,74.93001,,2.3425,15.18,30.83038,13.08,1.1619,11.03,34.92231,11.6,,,0.0662998499999999,
1980-08-31,9.61,83.2,11.55,,,,12.16397,219.1,,74.72639000000001,,2.396,15.72,30.89943,13.7,1.1576,10.5625,35.31736,12.38,,,0.0676735599999999,
1980-09-30,10.87,83.9,11.86,,,,12.45372,210.85,,75.94808,,2.387,15.24,31.09507,13.47,1.1705,10.7625,35.554390000000005,12.59,,,0.0684250899999999,
1980-10-31,12.81,84.7,12.46,,,,12.76213,211.05,,76.1517,,2.4365,15.28,31.29071,13.2,1.1753,11.67,35.87042,12.76,,,0.0694614999999999,
1980-11-30,15.85,85.6,12.72,,,,12.90683,216.6,,76.2535,,2.3575,15.13,31.54389,13.34,1.1899,13.0875,36.34448,13.03,,,0.0706665699999999,
1980-12-31,18.9,86.4,12.43,,,,12.84098,203.1,,76.04989,,2.389,14.03,31.71651,13.78,1.1945,17.02,36.5025,12.94,,,0.07252002,
1981-01-31,19.08,87.2,12.68,,,,12.93123,206.7,,76.86434,,2.3655,13.46,31.91215,13.97,1.1943,17.0125,37.05557,12.82,,,0.0748564699999999,
1981-02-28,15.93,88.0,13.43,,,,13.44935,209.7,,76.76254,,2.204,12.31,32.19986,13.84,1.2013,17.475,37.45062,13.3,,,0.0766951699999999,
1981-03-31,14.7,88.6,13.13,,,,13.70546,211.25,,76.96615,,2.2325,11.7,32.6832,13.66,1.1873,16.9625,37.92468,13.37,,,0.07833576,
1981-04-30,15.72,89.1,14.11,,,,13.93224,215.78,,77.57699000000001,,2.1395,11.54,33.626870000000004,13.66,1.1962,17.22,38.16171,14.25,,,0.08010243,
1981-05-31,18.52,89.7,13.5,,,,14.7366,223.9,,78.28964,,2.07,11.56,33.84552,14.4,1.2037,18.975,38.47775,15.34,,,0.08131404,
1981-06-30,19.1,90.5,13.86,,,,14.89767,226.85,,78.39145,,1.93,12.13,34.04116,14.69,1.2006,19.25,39.10983,14.76,,,0.0824503399999999,
1981-07-31,19.04,91.5,14.67,,,,15.0344,240.4,,78.18784000000002,,1.84,13.27,34.19077,15.28,1.2339,19.66,39.42586,15.89,,,0.08390263,
1981-08-31,17.82,92.2,15.41,,,,15.20414,230.5,,77.88242,,1.845,13.55,34.44395,15.23,1.202,22.0125,39.7419,16.45,,,0.08563165,
1981-09-30,15.87,93.1,15.84,,,,15.43534,232.3,,79.00229,,1.803,14.16,34.639590000000005,15.81,1.2069,20.54,40.05794,17.0,,,0.08722475,
1981-10-31,15.08,93.4,14.63,,,,15.20365,232.8,,79.30771,,1.862,15.53,34.950309999999995,16.34,1.203,18.7875,40.45299,16.76,,,0.0891600599999999,
1981-11-30,13.31,93.8,13.13,,,,15.19854,214.2,,79.2059,,1.955,14.25,35.31857,15.72,1.1766,16.6125,40.76903,14.93,,,0.09087597,
1981-12-31,12.37,94.1,13.98,,,,14.90963,219.8,,79.30771,,1.915,14.56,35.53722,16.0,1.1863,16.0,40.92705,15.0,,,0.09332211,
1982-01-31,13.22,94.4,14.14,,,,14.84676,228.3,,79.30771,,1.879,14.39,35.74437,15.94,1.1967,15.025,41.24309,15.82,,,0.097959,
1982-02-28,14.78,94.7,14.03,,,,14.89629,237.25,,79.2059,,1.82,13.68,35.75588,15.09,1.229,15.325,41.71714,15.66,,,0.1018083,
1982-03-31,14.68,94.7,14.18,,,,14.61023,248.25,,79.30771,,1.781,12.68,36.0666,14.01,1.2305,15.74,42.27021,14.95,,,0.1055267,
1982-04-30,14.94,95.0,13.87,,,,14.47084,235.85,,79.91856,,1.7945,12.99,36.79161,14.2,1.2197,15.7375,42.50724,14.93,,,0.1112458,
1982-05-31,14.45,95.9,13.71,,,,14.43455,243.3,,80.22398000000001,,1.791,12.69,37.0563,13.89,1.244,15.5375,43.06031,14.7,,,0.1174986999999999,
1982-06-30,14.15,97.0,14.44,,,,14.64248,255.0,,80.22398000000001,,1.7355,12.36,37.15987,13.75,1.2929,16.88,43.53437,15.96,,,0.1231588999999999,
1982-07-31,12.59,97.5,13.68,,,,14.58915,258.1,,79.71494,,1.738,11.72,37.17138,13.35,1.2556,16.2625,43.7714,16.1625,,,0.1295051999999999,
1982-08-31,10.12,97.7,12.81,,,,14.22989,261.1,,80.32578000000002,,1.7205,10.56,37.18289,12.21,1.2392,14.7625,43.92942,14.9625,,,0.1440379999999999,
1982-09-30,10.31,97.7,11.73,,,,13.98509,268.3,,81.54746999999999,,1.6945,10.12,37.15987,11.51,1.2363,13.61,44.16645,13.926,,,0.1517267999999999,
1982-10-31,9.71,98.1,10.71,,,,13.81237,277.1,,81.75108,,1.677,9.33,37.34401,10.69,1.2261,12.0125,44.482490000000006,12.735,,,0.1595924999999999,
1982-11-30,9.2,98.0,10.79,,,,13.81408,249.2,,81.03843,,1.632,8.94,37.52814,10.8,1.2373,11.05,44.71952,11.77,,,0.1676612,
1982-12-31,8.95,97.7,10.36,,,,13.40261,234.7,,80.93661999999999,,1.618,10.12,37.45909,11.58,1.2297,10.56,44.71952,11.648,,,0.1855652,
1983-01-31,8.68,97.9,10.8,,,,13.11282,239.85,,81.03843,,1.5202,10.68,37.50512,11.87,1.2367,9.8875,44.64051,11.365,,,0.2057566,
1983-02-28,8.51,98.0,10.27,,,,13.04968,237.85,,80.73301,,1.5115,10.89,37.66623,11.79,1.229,9.75,44.87754,11.4325,,,0.2167987,
1983-03-31,8.77,98.1,10.62,,,,12.82723,239.0,,81.14024,,1.4825,10.53,37.73528,11.38,1.2341,9.37,45.35159,11.186,,,0.2272922999999998,
1983-04-30,8.8,98.8,10.27,,,,12.78834,238.3,,81.54746999999999,,1.5573,9.89,38.26466,11.06,1.2262,9.3625,45.35159,11.0675,,,0.2416825999999999,
1983-05-31,8.63,99.2,10.81,,,,12.93503,238.85,,82.36192,,1.6005,9.84,38.42577,11.16,1.23,9.225,45.4306,10.71,,,0.2521647,
1983-06-30,8.98,99.4,10.96,,,,13.09088,239.28,,81.85289,,1.533,9.54,38.51784,10.99,1.2276,9.35,45.90466,11.046,,,0.2617135999999999,
1983-07-31,9.37,99.8,11.76,,,,13.04498,241.75,,81.54746999999999,,1.52,9.46,38.724990000000005,11.53,1.234,9.35,46.14169,11.5675,,,0.2746532999999999,
1983-08-31,9.56,100.1,11.98,,,,13.14601,246.45,,81.34385999999998,,1.494,9.44,38.89761,11.72,1.234,9.44,46.37872,11.79,,,0.2853138,
1983-09-30,9.45,100.4,11.44,,,,13.20074,235.65,,82.26012,,1.4977,9.24,39.07023,11.25,1.233,9.325,46.37872,11.77,,,0.2940947999999999,
1983-10-31,9.48,100.8,11.74,,,,13.11731,234.05,,82.97276,,1.4952,8.91,39.20833,11.02,1.2326,9.3,46.69476,11.5475,,,0.3038531999999999,
1983-11-30,9.34,101.1,11.63,,,,13.17624,232.5,,82.56554,,1.463,8.89,39.34643,10.68,1.2392,9.38,46.69476,11.516,,,0.3216982999999999,
1983-12-31,9.47,101.4,11.82,,,,12.9664,231.7,,82.26012,,1.4515,8.9,39.45,10.77,1.2445,9.85,46.77377,11.785,,,0.3354615999999999,
1984-01-31,9.56,102.1,11.67,,,,12.79031,234.67,,82.56554,,1.4012,8.92,39.42698,10.77,1.2493,9.8375,47.08981,11.7175,,,0.3567729,
1984-02-29,9.59,102.6,12.04,,,,12.57776,233.43,,83.07458000000001,,1.4905,8.88,39.5881,10.87,1.2519,9.83,47.32684,11.872,,,0.3756019999999999,
1984-03-31,9.91,102.9,12.53,,,,12.45496,224.75,,83.17638000000002,,1.4375,8.45,39.71469,10.66,1.2766,10.35,47.40585,12.8425,,,0.3916559,
1984-04-30,10.29,103.3,12.82,,,,12.46373,227.0,,83.38,,1.398,8.41,40.24406,10.85,1.2845,10.7,47.56387,13.235,,,0.4085987999999999,
1984-05-31,10.32,103.5,13.91,,,,12.59207,231.58,,83.99084,,1.3855,9.03,40.39367,11.38,1.2946,11.43,47.56387,13.64,,,0.4221475999999999,
1984-06-30,11.06,103.7,13.84,,,,12.46192,237.3,,83.38,,1.3575,9.02,40.497240000000005,11.59,1.3199,11.775,47.87991,13.6675,,,0.4374253999999999,
1984-07-31,11.23,104.1,12.91,,,,12.32811,245.3,,83.58361,,1.3073,11.03,40.45121,12.07,1.3115,12.9125,48.03793,13.73,,,0.4517650999999999,
1984-08-31,11.64,104.4,12.79,,,,12.20775,241.9,,82.87096,,1.3075,10.48,40.83098,11.41,1.2974,12.38,48.03793,12.912,,,0.4646064999999999,
1984-09-30,11.3,104.7,12.47,,,,12.09158,246.9,,84.19445,,1.234,10.13,40.91154,11.23,1.3183,12.175,48.11694,12.7675,,,0.4784468,
1984-10-31,9.99,105.1,11.79,,,,11.6297,245.7,,84.70348,,1.2185,10.06,41.16472,11.1,1.315,11.95,48.27496,12.544,,,0.4951636999999999,
1984-11-30,9.43,105.3,11.58,,,,11.42026,247.5,,84.29626,,1.197,9.34,41.29131,10.73,1.3242,10.9875,48.51198,11.93,,,0.5121574,
1984-12-31,8.38,105.5,11.55,,,,11.20494,251.6,,84.49987,,1.158,9.15,41.25678,10.87,1.3217,10.3375,48.51198,11.6625,,,0.5339091999999999,
1985-01-31,8.35,105.7,11.17,,,,10.85502,254.8,,84.70348,,1.1305,11.06,41.40639,11.36,1.3272,9.67,48.74901,11.406,,,0.5735141999999999,
1985-02-28,8.5,106.3,11.91,,,,10.96171,259.45,,84.39806,,1.079,13.23,41.7242,11.49,1.3835,10.575,49.06505,11.855,,,0.5973404999999999,
1985-03-31,8.58,106.8,11.65,,,,11.02553,251.0,,84.70348,,1.236,13.1,42.13282,11.33,1.3675,11.3,49.14406,12.16,,,0.6204871999999999,
1985-04-30,8.27,107.0,11.41,,,,10.85834,251.5,,85.31433,,1.241,12.15,43.04085,11.07,1.367,10.1625,49.38109,11.545,,,0.63958,
1985-05-31,7.97,107.2,10.28,,,,10.8509,251.2,,85.41614,,1.286,12.0,43.22246,11.23,1.3745,9.75,49.53911,11.074,,,0.6547316999999999,
1985-06-30,7.53,107.5,10.25,,,,10.82305,248.4,,85.41614,,1.3095,11.94,43.31326,11.03,1.3592,9.4875,49.776140000000005,10.515,,,0.6711293999999999,
1985-07-31,7.88,107.7,10.57,,,,10.79132,236.45,,85.61975,,1.411,11.51,43.22246,10.77,1.354,9.26,50.01317,10.594,,,0.6945021,
1985-08-31,7.9,107.9,10.28,,,,10.67796,239.0,,85.41614,,1.391,11.04,43.35867,10.69,1.3659,9.1125,50.01317,10.595,,,0.7248645,
1985-09-30,7.92,108.1,10.31,,,,10.53759,216.5,,85.51794,,1.4085,11.11,43.31326,10.68,1.371,9.0625,50.09218,10.7925,,,0.7538139,
1985-10-31,7.99,108.5,10.01,,,,10.40023,211.55,,86.3324,,1.4405,11.12,43.40406,10.52,1.3668,8.71,50.2502,10.668,,,0.7824489,
1985-11-30,8.05,109.0,9.59,,,,10.26614,202.1,,85.61975,,1.489,11.14,43.54027,10.69,1.384,8.825,50.40822,10.0175,,,0.8185484,
1985-12-31,8.27,109.5,9.0,,,,10.20474,200.25,,85.72156,,1.445,11.2,43.58567,10.78,1.3985,9.2375,50.64524,9.72,,,0.8742728999999999,
1986-01-31,8.14,109.9,9.08,,,,9.961056,192.3,,86.02698000000002,,1.412,12.863,43.67648,11.13,1.4233,10.16,50.88227,10.042,,,0.9515673,
1986-02-28,7.86,109.7,8.13,,,,9.942846,180.55,,85.92517,,1.446,12.71875,43.85808,10.73,1.423,11.725,51.1193,9.9675,,,0.9938723,
1986-03-31,7.48,109.1,7.39,,,,9.395134,177.6,,85.82336,,1.4735,11.77679,43.90348,9.69,1.397,11.025,51.27732,9.4025,,,1.040068,
1986-04-30,6.99,108.7,7.38,,,,8.766322,167.6,,86.12878,,1.551,10.5767,44.3575,8.94,1.3738,9.55,51.27732,8.848,,,1.094368,
1986-05-31,6.85,109.0,8.05,,,,8.478387,174.5,,86.3324,,1.4723,10.26705,44.4029,9.15,1.3797,8.575,51.59336,8.9325,,,1.155182,
1986-06-30,6.92,109.4,7.35,,,,8.54983,163.8,,85.92517,,1.532,9.82292,44.4029,9.45,1.387,8.7,51.67237,9.12,,,1.229333,
1986-07-31,6.56,109.5,7.34,,,,8.531181,153.85,,85.72156,,1.4915,10.03805,44.2667,9.61,1.3795,8.47,52.06742,8.872,,,1.290672,
1986-08-31,6.17,109.6,6.95,,,,8.352067,154.55,,85.51794,,1.488,9.89435,44.4029,9.66,1.3881,8.5125,52.14643,8.825,,,1.393574,
1986-09-30,5.89,110.0,7.45,,,,8.327866,154.35,,85.92517,,1.4468,10.18892,44.62991,10.28,1.3888,8.35,52.14643,9.0025,,,1.477175,
1986-10-31,5.85,110.2,7.34,,,,8.416492,163.4,,86.02698000000002,,1.4055,11.1644,44.72071,10.92,1.3905,8.44,52.46247,9.166,,,1.561612,
1986-11-30,6.04,110.4,7.15,,,,8.535029,162.05,,85.61975,,1.4335,11.24609,45.08393,11.08,1.384,8.3875,52.6995,8.9025,,,1.6671169999999995,
1986-12-31,6.91,110.8,7.23,,,,8.467434,158.3,,85.41614,,1.4825,11.40421,45.22013,10.98,1.381,8.36,52.77851,8.666,,,1.798805,
1987-01-31,6.43,111.4,7.18,,,,8.452924,153.65,,85.11072,,1.514,11.10085,45.40174,10.27,1.339,7.925,52.93653,8.33,,,1.944452,
1987-02-28,6.1,111.8,7.19,,,,8.502905,153.27,,85.11072,,1.546,10.89219,45.58335,9.97,1.3332,7.4375,53.17356,8.4575,,,2.084759,
1987-03-31,6.13,112.2,7.51,,,,8.457948,145.68,,85.41614,,1.607,10.0142,45.67415,9.11,1.3053,7.175,53.33158,8.2825,,,2.222534,
1987-04-30,6.37,112.7,8.21,,,,8.488893,140.67,,86.23059,,1.6605,9.83097,46.21898,9.14,1.3371,7.62,53.64762,8.828,,,2.416995,
1987-05-31,6.85,113.0,8.49,,,,8.677882,144.1,,86.3324,,1.6295,8.86792,46.26437,8.8,1.3388,8.25,53.96366,9.5925,,,2.599209,
1987-06-30,6.73,113.5,8.38,,,,8.900209,146.8,,86.23059,,1.6128,8.93608,46.26437,8.93,1.3315,8.4625,54.12167,9.3325,,,2.787243,
1987-07-31,6.58,113.8,8.66,,,,9.178526,149.9,,85.82336,,1.591,9.24796,46.21898,9.29,1.328,8.64,54.43771,9.574,,,3.012988,
1987-08-31,6.73,114.3,9.0,,,,9.507368,141.75,,85.82336,,1.6328,10.0997,46.35518,10.13,1.3196,9.1375,54.51671999999999,10.095,,,3.2592380000000003,
1987-09-30,7.22,114.7,9.63,,,,9.730625000000002,146.5,,86.63783000000002,,1.6248,10.19602,46.49138,10.21,1.3095,9.36,54.51671999999999,10.722,,,3.473956,
1987-10-31,7.29,115.0,8.88,,,,9.994997,138.4,,86.63783000000002,,1.7215,10.0277,46.71839,10.14,1.3162,9.1625,54.67474,10.4375,,,3.76346,
1987-11-30,6.69,115.4,8.99,,,,9.494731,132.42,,86.23059,,1.8256,8.99851,46.9454,9.23,1.3081,8.775,54.91177,9.875,,,4.06198,
1987-12-31,6.77,115.6,8.83,,,,9.350561,121.25,,86.12878,,1.886,7.97283,46.9,9.63,1.3002,8.97,54.99078000000001,10.122,,,4.661928,
1988-01-31,6.83,116.0,8.26,,,,9.204124,127.75,,85.82336,,1.7691,8.88691,46.9,9.71,1.276,8.7125,55.06979,9.715,,,5.382772,
1988-02-29,6.58,116.2,8.16,,,,8.918649,128.45,,85.72156,,1.7735,9.28795,47.0,9.52,1.2606,8.55,55.30682,9.2,,,5.831736,
1988-03-31,6.58,116.5,8.57,,,,8.835713,124.1,,86.02698000000002,,1.8865,8.91304,47.2,9.22,1.2342,8.59,55.62286,9.422,,,6.130368,
1988-04-30,6.87,117.2,8.87,,,,8.822996,124.92,,86.4342,,1.8785,8.37426,47.8,9.2,1.2292,8.8625,55.78088,9.6925,,,6.319056,
1988-05-31,7.09,117.5,9.2,,,,8.967405,125.11,,86.53601,,1.8382,8.06676,48.0,9.41,1.2339,9.0375,56.09692,9.9425,,,6.441317,
1988-06-30,7.51,118.0,8.82,,,,8.858418,133.53,,86.3324,,1.7085,8.97514,48.2,9.51,1.213,9.37,56.25494,9.722,,,6.572723,
1988-07-31,7.75,118.5,9.12,,,,8.971496,133.05,,86.23059,,1.71,10.57366,48.2,9.84,1.2107,9.4125,56.570980000000006,9.9,,,6.682432,
1988-08-31,8.01,119.0,9.25,,,,9.087037,136.52,,86.4342,,1.6825,11.44429,48.5,9.91,1.24,9.91,56.64999,10.242,,,6.743908,
1988-09-30,8.19,119.5,8.87,,,,9.043827,133.9,,87.14686,,1.691,12.19034,48.7,10.1,1.2173,10.475,56.729,10.15,,,6.782464,
1988-10-31,8.3,119.9,8.65,,,,8.92625,125.5,,87.55408,,1.769,12.0439,49.0,9.69,1.2197,10.4375,57.04504,9.8475,,,6.834198,
1988-11-30,8.35,120.3,9.06,,,,8.929999,121.9,,87.24866,,1.8493,12.31818,49.3,9.86,1.1878,10.85,57.12405,10.02,,,6.925656,
1988-12-31,8.76,120.7,9.14,,,,9.085835,125.05,,86.94324,,1.8085,13.15767,49.3,10.14,1.1928,11.1125,57.12405,10.1175,,,7.070158,
1989-01-31,9.12,121.2,9.01,,,,9.162319,130.5,,86.84144,4.8,1.75,13.16122,49.5,9.96,1.1835,11.2875,57.44008,10.1271428571429,,,7.243232000000002,
1989-02-28,9.36,121.6,9.32,,,,9.405645,126.87,,86.53601,4.894,1.744,13.06406,49.7,9.72,1.199,11.5625,57.83513000000001,10.2555,,,7.341527,
1989-03-31,9.85,122.2,9.3,,,,9.644775,132.77,,86.94324,5.147,1.6852,13.0625,50.0,9.88,1.1936,12.21,58.15116999999999,10.5631818181818,,,7.421113,
1989-04-30,9.84,123.1,9.02,,,,9.595987,132.85,,88.47035,5.221,1.689,13.18359,50.5,10.18,1.1865,12.475,58.30919,10.326,,,7.532094,
1989-05-31,9.81,123.7,8.6,,,,9.681744,142.33,,88.97939000000001,5.174,1.5715,13.22215,50.9,10.17,1.2062,12.402,58.94127,9.900454545454553,,,7.635766999999999,
1989-06-30,9.53,124.1,8.1,,,,9.603747,144.0,,88.97939000000001,5.225,1.549,14.18253,51.0,10.55,1.1985,12.3125,59.1783,9.43272727272727,,,7.728501,
1989-07-31,9.24,124.5,7.82,,,,9.585411,136.95,,88.77577,5.04,1.666,13.96317,51.0,10.15,1.1809,12.225,59.57335,9.3245,,,7.805809,
1989-08-31,8.99,124.5,8.26,,,,9.537504,144.6,,88.67397,4.883,1.573,13.89572,51.1,9.91,1.1763,12.292,59.65236,9.35090909090909,,,7.880174,
1989-09-30,9.02,124.8,8.31,,,,9.691426000000002,139.6,,89.48841999999999,5.096,1.6145,14.07217,51.5,10.21,1.1789,12.3275,59.73137,9.5465,,,7.9555380000000016,
1989-10-31,8.84,125.4,7.92,,,,9.868504,142.73,,90.09926,5.156,1.5775,15.06818,51.9,10.45,1.1741,12.33,59.9684,9.4905,,,8.073195,
1989-11-30,8.55,125.9,7.84,,,,10.15425,142.91,,89.18299999999998,5.371,1.5695,15.15412,52.1,10.55,1.1633,12.352,60.12642,9.488571428571428,,,8.186516000000001,
1989-12-31,8.45,126.3,7.93,,,,10.23731,143.8,,89.28481,5.52,1.6145,15.15179,52.2,10.56,1.158,12.345,60.12642,9.581052631578952,,,8.462798,
1990-01-31,8.23,127.5,8.43,,,,10.45023,144.55,,89.69203,6.449,1.6794,15.19837,52.4,10.89,1.1858,12.244,60.60048,9.837727272727268,,,8.871229,
1990-02-28,8.24,128.0,8.51,,,,10.92049,148.82,,89.79384,6.778,1.6892,15.14922,52.9,11.33,1.1923,12.8425,60.99551999999999,10.283,,,9.072111,
1990-03-31,8.28,128.6,8.65,,,,11.05491,157.82,,90.09926,6.899,1.648,15.31676,53.1,12.42,1.1705,13.3575,61.23255,10.8059090909091,,,9.232046,
1990-04-30,8.26,128.9,9.04,,,,10.87428,158.85,,90.91372,6.906,1.6389,15.25744,54.4,12.74,1.1654,13.515,61.23255,11.5185,,,9.372554,
1990-05-31,8.18,129.1,8.6,,,,10.79594,152.64,,91.32095,6.508,1.6765,15.19429,55.0,12.41,1.1745,13.76,61.54859,11.145,,,9.536112,
1990-06-30,8.29,129.9,8.43,,,,10.70634,152.35,,91.01553,6.421,1.745,15.01302,55.2,11.8,1.1665,13.8175,61.78562,10.74,,,9.746141,
1990-07-31,8.15,130.5,8.36,,,,10.56729,146.13,,90.81191,6.772,1.86,14.9858,55.2,11.84,1.153,13.675,62.02265,10.6542857142857,,,9.923881,
1990-08-31,8.13,131.6,8.86,,,,10.95686,143.93,,91.11733,7.62,1.892,15.01664,55.7,12.15,1.1545,13.256,62.10166,10.705,,,10.09297,
1990-09-30,8.2,132.5,8.82,,,,11.13562,138.27,,91.82998,8.032,1.8735,14.95117,56.2,12.1,1.1565,12.755,62.25968,10.9794736842105,,,10.23684,
1990-10-31,8.11,133.4,8.65,,,,11.07904,129.95,,92.84805,7.6,1.944,14.06216,56.7,11.74,1.1678,12.578,62.81275,11.1827272727273,,,10.38401,
1990-11-30,7.81,133.7,8.26,,,,10.98924,133.1,,92.74625,7.08,1.9392,13.68111,56.9,11.37,1.1658,12.405,63.20779,10.6185714285714,,,10.65971,
1990-12-31,7.31,134.2,8.08,,,,10.86486,135.75,,92.64444,6.454,1.9285,13.8817,57.0,10.84,1.1605,12.05,63.128780000000006,10.2547368421053,,,10.99568,
1991-01-31,6.91,134.7,8.03,,,,10.84488,131.45,,93.25528000000001,6.432,1.965,14.01087,57.0,10.59,1.1629,11.366,64.78799000000001,10.1163636363636,,,11.27594,
1991-02-28,6.25,134.8,8.02,,,,10.44127,132.95,,92.94986,6.309,1.91,13.29532,57.2,10.13,1.1499,10.52,64.78799000000001,9.551,,,11.47279,
1991-03-31,6.12,134.8,8.05,,,,10.37246,140.6,,93.45889,6.591,1.7485,12.4628,57.5,10.29,1.1595,9.9575,65.02502,9.621,,,11.6364,
1991-04-30,5.91,135.1,8.02,,,,10.11736,136.38,,93.96793,6.64,1.7225,12.01492,58.7,10.19,1.152,9.7075,65.02502,9.52045454545454,,,11.7583,
1991-05-31,5.78,135.6,8.06,,,,9.985477,138.45,,94.47697,6.637,1.698,11.56522,59.2,10.38,1.1453,9.198,65.34106,9.58181818181818,,,11.87325,
1991-06-30,5.9,136.0,8.24,,,,10.05273,137.9,,94.06974,6.735,1.618,11.29844,59.5,10.58,1.1424,8.8325,65.6571,9.9265,,,11.99783,
1991-07-31,5.82,136.2,8.2,,,,10.22461,137.42,,93.96793,6.67,1.6845,11.12976,59.3,10.28,1.1519,8.76,65.73611,9.97772727272727,,,12.10386,
1991-08-31,5.66,136.6,7.82,,,,10.20169,136.85,,94.17155,6.414,1.68,10.93324,59.9,10.03,1.1422,8.7225,65.81512,9.741428571428568,,,12.1881,
1991-09-30,5.45,137.0,7.47,,,,10.00208,132.85,,94.37516,6.081,1.752,10.33408,60.1,9.64,1.1318,8.59,65.6571,9.441,,,12.30951,
1991-10-31,5.21,137.2,7.47,,,,9.871881,130.6,,95.39323,5.885,1.7425,10.45823,60.4,9.72,1.123,8.366,65.57809,9.00681818181818,,,12.45268,
1991-11-30,4.81,137.8,7.38,,,,9.91832,130.08,,95.49503,5.927,1.7655,10.52977,60.5,9.77,1.135,7.8475,65.81512,8.5735,,,12.76188,
1991-12-31,4.43,138.2,6.71,,,,9.892325,124.9,,95.08781,5.719,1.866,10.84837,60.7,9.66,1.1558,7.455,65.49908,8.4135,,,13.06227,
1992-01-31,4.03,138.3,7.31,,,,9.61139,125.55,,94.88419,5.449,1.789,10.71773,60.5,9.46,1.1752,7.31,65.81512,8.14045454545455,,,13.29968,
1992-02-29,4.06,138.6,7.27,,,,9.546991,129.15,,94.78239,5.578,1.756,10.42031,60.8,9.3,1.182,7.2525,65.81512,8.387,,,13.45726,
1992-03-31,3.98,139.1,7.54,,,,9.581193,132.92,,95.29142,5.531,1.7363,10.67045,61.1,9.68,1.1902,7.54,66.05215,8.745,,,13.59421,
1992-04-30,3.73,139.4,7.61,,,,9.623109,133.3,,96.30949,5.71,1.775,10.65483,61.8,9.43,1.196,7.118,66.13116,8.78857142857143,,,13.7154,
1992-05-31,3.82,139.7,7.33,,,,9.579656000000002,127.75,,96.30949,5.739,1.829,10.109,62.2,9.02,1.2048,6.6175,66.21016999999999,8.545,,,13.805829999999998,
1992-06-30,3.76,140.1,7.14,,,,9.825446,125.87,,96.30949,5.64,1.9035,10.05078,62.2,9.12,1.1972,6.0325,66.36819,8.23863636363636,,,13.89927,
1992-07-31,3.25,140.5,6.72,,,,10.03309,127.35,,95.49503,5.408,1.92,10.20245,62.0,9.05,1.1845,5.574,66.52620999999999,7.72681818181818,,,13.98703,
1992-08-31,3.3,140.8,6.62,,,,10.10136,122.95,,95.80046,5.112,1.9893,10.4122,62.1,9.35,1.1952,5.1725,66.52620999999999,7.2935,,,14.07296,
1992-09-30,3.22,141.1,6.37,,,,10.02186,120.0,,96.30949,5.021,1.779,10.03729,62.3,9.19,1.248,5.038,66.52620999999999,7.47428571428571,,,14.195379999999998,
1992-10-31,3.1,141.7,6.8,,,,10.22449,123.3,,96.30949,5.015,1.5625,8.39347,62.5,8.65,1.2405,7.6375,66.60521999999999,7.67809523809524,,,14.29759,
1992-11-30,3.09,142.1,6.95,,,,9.8813,124.42,,96.20769000000001,4.868,1.5135,7.26711,62.5,8.19,1.2861,6.9325,66.92126,7.856,,,14.41639,
1992-12-31,2.92,142.3,6.7,,,,9.932801,124.85,,96.20769000000001,4.848,1.513,7.23132,62.6,8.32,1.2714,7.9,66.92126,7.86142857142857,,,14.62166,
1993-01-31,3.02,142.8,6.39,,,,9.702705000000002,124.97,,96.10588000000001,4.723,1.4855,6.98363,62.4,8.29,1.27,6.9925,67.15828,7.969,,,14.80507,
1993-02-28,3.03,143.1,6.03,,,,9.403037,118.1,,96.20769000000001,4.409,1.4215,6.23086,62.7,7.95,1.2498,6.395,67.39531,7.6585,,,14.92603,
1993-03-31,3.07,143.3,6.03,,,,9.145782,114.9,,96.4113,4.318,1.509,6.03193,63.0,7.72,1.2573,5.61,67.3163,7.44391304347826,,,15.01301,
1993-04-30,2.96,143.8,6.05,,,,9.155884,111.27,,97.12395,4.593,1.5695,6.02379,63.4,7.89,1.2702,5.275,67.3163,7.46857142857143,,,15.09959,
1993-05-31,3.0,144.2,6.16,,,,9.042294,107.17,,97.12395,4.943,1.5605,6.04427,63.6,8.15,1.2707,5.325,67.47431999999999,7.566,,,15.1859,
1993-06-30,3.04,144.3,5.8,,,,8.779623,106.8,,97.12395,4.836,1.493,5.9517,63.6,7.96,1.2823,4.88,67.47431999999999,7.45545454545455,,,15.27108,
1993-07-31,3.06,144.5,5.83,,,,8.401828,105.05,,97.32757,4.517,1.485,6.00355,63.4,7.62,1.2844,4.4725,67.63234,7.20380952380952,,,15.34446,
1993-08-31,3.03,144.8,5.45,,,,7.919743,104.73,,97.63299,4.407,1.4868,5.91406,63.7,7.07,1.3208,4.3075,67.71135,6.95428571428571,,,15.42659,
1993-09-30,3.09,145.0,5.4,,,,7.612,106.05,,97.73479,4.016,1.496,5.95987,64.0,6.96,1.336,4.786,67.71135,6.88142857142857,,,15.54084,
1993-10-31,2.99,145.6,5.43,,,,7.361458,108.35,,97.63299,3.931,1.4882,5.81362,64.0,6.87,1.322,4.7375,67.86936999999999,6.7975,,,15.6044,
1993-11-30,3.02,146.0,5.83,,,,7.380636,109.08,,97.12395,3.762,1.4852,5.6076,63.8,6.85,1.3372,4.3625,68.18541,6.84904761904762,3.1055,,15.673229999999998,
1993-12-31,2.96,146.3,5.83,,,,7.185278,111.7,,97.12395,3.396,1.4775,5.38281,64.0,6.4253,1.3255,4.092,68.02739,6.69333333333333,3.108,,15.79274,
1994-01-31,3.05,146.3,5.7,,6.91,,6.69,108.72,,97.22575,3.597,1.5005,5.44345,64.0,6.3794,1.327,3.8725,68.02739,6.464,3.106,,15.91517,
1994-02-28,3.25,146.7,6.15,,6.86,,6.88,104.22,,97.22575,4.041,1.4875,5.26328,64.2,6.7572,1.3522,3.805,67.47431999999999,6.7065,3.195,,15.99703,
1994-03-31,3.34,147.1,6.77,,6.75,,7.35,102.4,,97.73479,4.453,1.488,5.22758,64.4,7.417,1.3838,4.206,67.47431999999999,7.46565217391304,3.365,,16.079279999999997,
1994-04-30,3.56,147.2,7.06,,6.57,,7.46,102.05,,97.93841,4.093,1.5118,5.28981,64.9,7.8401,1.3818,5.8875,67.47431999999999,8.08,3.28,,16.15803,
1994-05-31,4.01,147.5,7.17,,6.24,,7.75,104.74,,98.04021,3.984,1.512,5.22727,65.1,8.2825,1.3845,6.285,67.3163,8.44047619047619,3.332,,16.2361,
1994-06-30,4.25,147.9,7.34,,6.3,,8.37,98.51,,97.63299,4.278,1.5483,5.18786,65.1,8.7105,1.3825,6.394,67.47431999999999,8.99863636363636,3.4,,16.317339999999994,
1994-07-31,4.26,148.4,7.12,,6.34,,8.39,100.05,,97.12395,4.531,1.5415,5.26637,64.7,8.533,1.3835,6.3625,67.71135,9.1455,3.405,,16.38971,
1994-08-31,4.47,149.0,7.19,,6.43,,8.68,100.11,,97.63299,4.778,1.5362,5.57745,65.1,8.6524,1.3712,5.68,67.79035999999999,8.89636363636364,3.389,,16.4661,
1994-09-30,4.73,149.3,7.62,,6.38,,9.12,99.05,,97.93841,4.642,1.577,5.76811,65.2,8.8959,1.341,5.6425,67.86936999999999,8.90285714285714,3.399,,16.5832,
1994-10-31,4.76,149.4,7.81,,6.43,,9.16,96.9,,98.34563,4.684,1.635,5.9747,65.1,8.7797,1.3527,5.44,67.71135,9.062,3.438,,16.67026,
1994-11-30,5.29,149.8,7.91,,6.4,,9.12,98.91,,98.04021,4.718,1.567,6.12536,65.2,8.6361,1.3752,5.68,68.1064,9.151428571428568,3.44,,16.75938,
1994-12-31,5.45,150.1,7.84,,6.69,,9.14,99.6,,97.8366,4.561,1.5665,6.42685,65.5,8.5814,1.403,6.5975,68.18541,9.065,5.0,,16.906370000000003,
1995-01-31,5.53,150.5,7.6,,6.66,,9.340000000000002,99.43,,97.8366,4.605,1.5815,6.63778,65.5,8.7349,1.4092,7.838,68.42244000000001,9.349523809523808,5.82,,17.542720000000003,
1995-02-28,5.92,150.9,7.22,,6.59,,9.19,96.6,,97.53118,4.515,1.584,6.80391,65.7,8.6557,1.3937,8.118,68.73848000000001,8.9015,5.97,,18.28622,
1995-03-31,5.98,151.2,7.2,,7.58,,9.43,86.85,,97.42937,4.113,1.619,6.72554,66.0,8.5938,1.3993,8.314782609,68.8965,8.64217391304348,6.82,,19.36421,
1995-04-30,6.05,151.8,7.07,,7.29,,9.26,84.04,,97.73479,3.545,1.6091,6.73633,66.4,8.4378,1.3597,8.148421053,69.13353000000001,8.41684210526316,6.05,,20.90722,
1995-05-31,6.01,152.1,6.3,,7.04,,8.78,84.65,,97.93841,3.386,1.5865,6.77616,66.7,8.1802,1.3698,7.561363636,69.29155,8.06045454545455,6.16,,21.78106,
1995-06-30,6.0,152.4,6.21,,7.08,,8.75,84.78,,97.8366,3.024,1.5905,6.71484,66.8,8.1097,1.3738,7.047727273,69.29155,7.85818181818182,6.255,,22.47233,
1995-07-31,5.85,152.6,6.45,,6.92,,8.71,88.34,,97.32757,2.933,1.598,6.87686,66.6,8.2613,1.3695,6.666,69.44955999999999,8.076,6.115,,22.93045,
1995-08-31,5.74,152.9,6.28,,6.66,,8.47,97.75,,97.42937,3.215,1.5515,6.87568,66.9,8.1169,1.3432,6.586818182,69.29155,8.26409090909091,6.3,,23.3108,
1995-09-30,5.8,153.1,6.17,,6.5,,8.36,99.1,,98.04021,3.03,1.5795,6.79539,67.2,7.9486,1.3445,6.6875,69.37055,7.9285,6.385,,23.79299,
1995-10-31,5.76,153.5,6.03,,6.75,,8.48,102.26,,97.73479,2.925,1.5807,6.81783,67.1,8.0967,1.3401,6.697619048,69.29155,7.72095238095238,7.15,,24.28255,
1995-11-30,5.8,153.7,5.76,,6.45,,8.16,101.8,,97.42937,3.048,1.5302,6.72088,67.1,7.7752,1.3587,6.008095238,69.52857,7.47380952380952,7.55,,24.88131,
1995-12-31,5.6,153.9,5.58,,6.32,,7.82,103.28,,97.42937,2.983,1.5535,6.54985,67.5,7.4926,1.3655,5.895263158,69.37055,7.24947368421053,7.74,,25.69195,
1996-01-31,5.56,154.7,5.6,,5.81,,7.44,106.95,,97.32757,3.12,1.5096,6.44718,67.4,7.4408,1.3743,5.546818182,69.52857,7.09181818181818,7.44,,26.61556,
1996-02-29,5.22,155.0,6.13,,5.58,,7.66,105.12,,97.12395,3.271,1.532,6.24554,67.7,7.7618,1.3728,5.222857143,69.60758,7.24047619047619,7.635,,27.23676,
1996-03-31,5.31,155.5,6.34,,5.5,,7.83,107.0,,97.32757,3.299,1.5262,6.13988,67.9,8.057,1.3635,5.214761905,69.92362,7.62190476190476,7.5375,,27.836340000000003,
1996-04-30,5.22,156.1,6.66,,5.27,,7.62,104.63,,97.93841,3.301,1.505,6.08452,68.3,8.0602,1.3615,5.008571429,70.08164000000001,7.69952380952381,7.44,,28.62766,
1996-05-31,5.24,156.4,6.85,,5.06,,7.48,107.99,,98.14202,3.388,1.5495,6.11651,68.6,8.0871,1.3704,4.809090909,70.31867,7.76818181818182,7.4275,,29.14947,
1996-06-30,5.27,156.7,6.73,,5.08,,7.51,109.48,,97.8366,3.252,1.5529,5.93477,68.7,8.054,1.3657,4.849,70.31867,7.8095,7.585,,29.62413,
1996-07-31,5.4,157.0,6.8,,5.06,,7.39,106.77,,97.73479,3.294,1.5556,5.82167,68.3,7.9162,1.3747,4.732727273,70.31867,7.71181818181818,7.59,,30.04525,
1996-08-31,5.22,157.2,6.96,,5.08,,7.31,108.7,,97.63299,3.209,1.5612,5.83647,68.7,7.8219,1.3685,4.267619048,70.31867,7.30571428571429,7.59,,30.44459,
1996-09-30,5.3,157.7,6.72,,4.86,,7.13,111.65,,98.04021,2.928,1.5653,5.86365,69.0,7.8151,1.362,4.0785,70.39768000000001,7.3385,7.55,,30.93136,
1996-10-31,5.24,158.2,6.37,,4.69,,6.68,113.79,,98.24383,2.8,1.6278,6.01953,69.1,7.5413,1.3409,3.516818182,70.5557,6.64454545454545,8.045,,31.31744,
1996-11-30,5.31,158.7,6.06,,4.57,,6.43,113.88,,97.93841,2.759,1.682,6.38579,69.2,7.5952,1.3489,3.0195,70.87174,6.135,7.895,,31.79193,
1996-12-31,5.29,159.1,6.43,,4.5,55.74,6.31,115.77,,98.04021,2.597,1.7123,6.43164,69.4,7.5716,1.3697,3.1225,70.87174,6.392,7.881,,32.80985,
1997-01-31,5.25,159.4,6.53,,4.39,55.91,6.23,121.25,,97.93841,2.632,1.6012,6.41491,69.2,7.5552,1.3474,3.152727273,71.02976,6.63272727272727,7.82,25.38,33.65356,
1997-02-28,5.19,159.7,6.56,,4.43,56.03,6.06,120.83,,97.73479,2.583,1.6287,6.28848,69.3,7.1962,1.367,3.116,71.18778,6.3035,7.965,23.54,34.21909,
1997-03-31,5.39,159.8,6.92,,4.5,56.1,6.32,123.72,,97.8366,2.524,1.6448,6.30413,69.4,7.4544,1.3835,3.2175,71.26679,6.5395,7.93,23.73,34.64496,
1997-04-30,5.51,159.9,6.72,,4.39,56.09,6.39,127.03,,99.77094,2.382,1.62,6.45437,69.7,7.638,1.3971,3.460454545,71.26679,6.78454545454545,7.945,23.97,35.01925,
1997-05-31,5.5,159.9,6.67,,4.3,56.25,6.18,116.4,,99.97455,2.736,1.636,6.53214,70.0,7.1681,1.3798,3.321904762,71.3458,6.57333333333333,7.917,21.73,35.33885,
1997-06-30,5.56,160.2,6.51,,4.29,56.27,6.09,114.61,,99.97455,2.684,1.665,6.66462,70.1,7.1418,1.381,3.265238095,71.50381999999999,6.27142857142857,7.952,22.41,35.6524,
1997-07-31,5.52,160.4,6.02,,4.3,56.3,5.83,118.37,,99.56732,2.505,1.6388,7.04144,70.0,7.0577,1.382,3.531818182,71.50381999999999,5.96318181818182,7.825,20.73,35.963,
1997-08-31,5.54,160.8,6.34,,4.36,56.4,5.94,120.65,,99.66913,2.354,1.6203,7.24349,70.3,7.0893,1.389,3.638,71.58283,5.9945,7.785,21.27,36.28276,
1997-09-30,5.54,161.2,6.12,,4.31,56.45,5.66,120.71,,100.3818,2.21,1.6117,7.29687,70.5,6.8216,1.3824,3.626666667,71.58283,5.87619047619048,7.775,21.27,36.73466,
1997-10-31,5.5,161.5,5.84,,4.44,56.48,5.75,120.39,,100.6872,1.994,1.6786,7.35615,70.6,6.5109,1.4099,3.799545455,71.58283,5.60909090909091,8.41,20.47,37.02824,
1997-11-30,5.52,161.7,5.86,,4.49,56.56,5.59,127.74,,99.97455,1.941,1.6885,7.62617,70.6,6.624,1.4245,3.994736842,71.50381999999999,5.50315789473684,8.215,22.55,37.44248,
1997-12-31,5.5,161.8,5.75,,4.37,56.63,5.46,130.45,,99.77094,1.939,1.6427,7.7179,70.7,6.3739,1.4288,4.567142857,71.42481,5.66571428571429,8.07,20.48,37.96707,
1998-01-31,5.56,162.0,5.53,,4.26,56.58,5.22,127.1,,99.66913,1.948,1.6325,7.5854,70.4,6.0978,1.4562,4.651904762,71.81985,5.36047619047619,8.455,19.95,38.7931,
1998-02-28,5.51,162.0,5.62,,4.24,56.73,5.12,126.12,,99.56732,2.0,1.6453,7.54395,70.6,6.0461,1.4236,4.9775,71.89886,5.434,8.5275,20.67,39.47226,
1998-03-31,5.49,162.0,5.67,,4.11,56.8,5.01,133.29,,99.97455,1.855,1.6765,7.56676,70.8,5.992,1.418,4.874090909,71.97787,5.42727272727273,8.52,21.83,39.93464,
1998-04-30,5.45,162.2,5.68,,4.09,56.94,5.0,132.37,,100.1782,1.867,1.6727,7.53533,71.2,5.8249,1.4302,4.898095238,71.89886,5.31238095238095,8.492,20.44,40.30827,
1998-05-31,5.49,162.6,5.56,,4.06,57.06,5.06,138.5,,100.4836,1.655,1.6308,7.4881,71.5,5.8648,1.4571,5.02,72.13589,5.387,8.825,20.27,40.62935,
1998-06-30,5.56,162.8,5.44,,4.02,57.09,4.91,138.29,,100.0764,1.54,1.6695,7.71396,71.4,5.7743,1.4717,5.016818182,72.2149,5.31863636363636,8.985,21.79,41.10957,
1998-07-31,5.54,163.2,5.5,,3.95,57.09,4.82,144.65,,99.46552,1.683,1.6349,7.80622,71.2,5.8319,1.5112,5.051363636,72.2149,5.34772727272727,8.92,22.66,41.50597,
1998-08-31,5.55,163.4,5.05,,3.93,57.11,4.59,140.9,,99.36371,1.502,1.676,7.72824,71.4,5.5706,1.5745,5.3055,72.2149,5.565,9.985,27.2,41.90498,
1998-09-30,5.51,163.5,4.44,,3.93,57.09,4.27,136.59,,100.1782,1.103,1.6995,7.46768,71.7,5.151,1.5262,5.60047619,72.05688,5.24666666666667,10.196,40.35,42.58463,
1998-10-31,5.07,163.9,4.64,,3.81,57.08,4.25,116.45,,100.8908,0.879,1.6735,7.22061,71.7,5.0114,1.5432,5.275238095,72.37292,4.90809523809524,10.102,38.69,43.19486,
1998-11-30,4.83,164.1,4.74,,3.69,57.08,4.24,123.21,,100.789,0.977,1.6485,6.97448,71.8,4.9292,1.5235,5.147,72.37292,5.169,10.005,35.56,43.95982,
1998-12-31,4.68,164.4,4.65,,3.37,57.11,3.95,113.08,,100.3818,1.488,1.6628,6.46034,72.0,4.5175,1.5375,5.002857143,72.13589,4.87238095238095,9.901,36.29,45.03242,
1999-01-31,4.63,164.7,4.66,1.1371,3.1321,57.07,3.82199861904762,116.0,,99.87274,1.91,1.6457,5.92171,71.8,4.2868,1.5095,5.0045,72.29391,4.9465,10.152,35.45,46.16961,
1999-02-28,4.76,164.7,5.29,1.0995,3.0934,57.2,3.9742402,118.7,,99.46552,2.117,1.6027,5.53197,71.9,4.4319,1.509,5.0335,72.37292,5.124,9.9365,31.35,46.79008,
1999-03-31,4.81,164.8,5.25,1.0808,3.04669565217391,57.38,4.1809844347826095,118.43,,99.56732,1.816,1.614,5.42287,72.3,4.6554,1.5092,5.057391304,72.68896,5.2204347826087,9.521,26.37,47.224790000000006,
1999-04-30,4.74,165.9,5.36,1.0564,2.69645454545455,57.59,4.04069322727273,119.43,,100.0764,1.563,1.6085,5.31773,72.6,4.592,1.4578,4.716666667,73.08400999999998,5.02952380952381,9.2425,22.99,47.65818,
1999-05-31,4.74,166.0,5.64,1.0422,2.57895238095238,57.63,4.20485314285714,120.88,,100.0764,1.334,1.602,5.34875,72.8,4.9068,1.4725,4.6155,73.24203,5.3595,9.7925,23.26,47.94488,
1999-06-30,4.76,166.0,5.81,1.031,2.62668181818182,57.62,4.5266515,120.94,,99.77094,1.632,1.5765,5.22114,72.7,5.1716,1.4735,4.815454545,73.40005,5.58090909090909,9.443,23.77,48.2599,
1999-07-31,4.99,166.7,5.92,1.0694,2.67645454545455,57.71,4.85616086363636,114.7,,99.36371,1.703,1.6207,5.16688,72.4,5.3721,1.507,4.792857143,73.55807,5.49095238095238,9.4,22.98,48.57885,
1999-08-31,5.07,167.1,5.98,1.0581,2.69504545454545,57.78,5.06057286363636,109.3,,99.66913,1.878,1.6086,5.25409,72.6,5.4312,1.4965,4.924761905,73.71609000000002,5.75571428571429,9.393,24.36,48.85228,
1999-09-30,5.22,167.8,5.9,1.0643,2.72668181818182,57.83,5.23533545454546,106.82,,99.97455,1.759,1.6457,5.4107,72.8,5.6909,1.4695,4.83047619,73.95312,5.72142857142857,9.352,23.43,49.32432,
1999-10-31,5.2,168.1,6.02,1.0518,3.37566666666667,57.86,5.47163580952381,104.29,,100.1782,1.692,1.6425,6.02564,72.8,5.8801,1.472,5.014,74.03213000000001,6.0895,9.618,22.41,49.63672,
1999-11-30,5.42,168.4,6.18,1.0077,3.46768181818182,57.94,5.18420681818182,101.8,,99.56732,1.817,1.5935,5.8725,72.9,5.3145,1.472,5.040952381,73.95312,6.0347619047619,9.424,20.09,50.07814,
1999-12-31,5.3,168.8,6.45,1.007,3.44604545454545,58.15,5.3043565217391295,102.16,,99.2619,1.767,1.615,6.05531,73.1,5.389,1.444,5.135238095,74.03213000000001,6.14,9.48,19.06,50.57981,
2000-01-31,5.45,169.3,6.68,0.9757,3.34314285714286,58.17,5.69853923809524,107.33,,99.1601,1.691,1.6182,6.13632,72.6,5.8227,1.4517,5.025,73.87411,6.4915,9.64,18.69,51.25897,
2000-02-29,5.73,170.0,6.42,0.9643,3.53676190476191,58.36,5.66359938095238,109.88,,98.85467000000001,1.796,1.578,6.23781,72.8,5.6347,1.4505,5.0325,74.34817,6.33857142857143,9.3645,18.12,51.71365,
2000-03-31,5.85,171.0,6.03,0.9574,3.7470434782608706,58.57,5.4906287826087,102.73,,99.05828,1.819,1.5922,6.22838,73.0,5.3707,1.4538,5.108,74.90124,6.02826086956522,9.2895,15.86,52.00035,
2000-04-30,6.02,170.9,6.23,0.9089,3.92527777777778,58.62,5.4137985,107.98,,99.2619,1.74,1.556,6.29647,73.3,5.3213,1.4818,5.35,74.66421,5.92421052631579,9.411,15.1,52.29621,
2000-05-31,6.27,171.2,6.29,0.9328,4.36204545454546,58.7,5.515497478260871,107.74,,99.36371,1.705,1.4968,6.30356,73.5,5.4033,1.4977,5.664,74.98025,6.215,9.511,16.77,52.49171,
2000-06-30,6.53,172.2,6.03,0.9545,4.501727272727271,58.9,5.34537513636364,106.14,,99.1601,1.664,1.513,6.22682,73.6,5.2097,1.4798,5.5525,75.45430999999998,5.89545454545455,9.843,17.73,52.80263000000001,
2000-07-31,6.54,172.7,6.04,0.9266,4.58290476190476,58.95,5.45373552380952,109.68,,98.85467000000001,1.689,1.4983,6.19247,73.3,5.2388,1.488,5.6,75.69134,5.8635,9.368,15.4,53.00861,
2000-08-31,6.5,172.7,5.73,0.8878,4.77708695652174,59.0,5.3981782173913,106.66,,99.1601,1.75,1.4515,6.21754,73.3,5.3312,1.472,5.618,75.61233,5.76636363636364,9.2,16.84,53.29988,
2000-09-30,6.52,173.6,5.8,0.8837,4.85280952380952,59.26,5.467184666666671,107.9,,99.05828,1.876,1.4787,6.20569,73.8,5.3873,1.507,5.5725,75.92837,5.7295,9.44,17.13,53.689240000000005,
2000-10-31,6.51,173.9,5.77,0.8486,5.041272727272729,59.29,5.416259,109.15,,99.05828,1.815,1.4505,6.16274,73.8,5.2179,1.5273,5.5975,76.08639000000002,5.72333333333333,9.564,17.99,54.05894,
2000-11-30,6.51,174.2,5.48,0.8694,5.09195454545454,59.41,5.335701409090911,110.93,,98.75286,1.764,1.421,6.08629,74.0,5.0983,1.5355,5.668,76.32341,5.72714285714286,9.41,18.76,54.52116,
2000-12-31,6.4,174.6,5.12,0.9388,4.93915789473684,59.64,5.06802647619048,114.35,,98.85467000000001,1.624,1.4955,5.95539,74.0,4.9118,1.4995,5.52,76.40241999999998,5.40210526315789,9.618,18.39,55.11141,
2001-01-31,5.98,175.6,5.19,0.9308,4.77072727272727,59.39,5.0082062173913,116.39,,98.85467000000001,1.508,1.4613,5.84578,73.5,4.8471,1.4995,5.236,76.08639000000002,5.41863636363636,9.679,18.86,55.41693000000001,
2001-02-28,5.49,176.0,4.92,0.9212,4.7558,59.57,5.0210686,117.28,,98.54925,1.415,1.4433,5.75655,73.7,4.8248,1.532,5.0475,76.48143,5.43,9.6925,18.36,55.38026,
2001-03-31,5.31,176.1,4.93,0.8794,4.70863636363636,59.89,4.93812240909091,125.54,,98.44744,1.169,1.419,5.55126,73.9,4.703,1.5784,4.595,76.71846,5.30136363636364,9.485,17.22,55.73114,
2001-04-30,4.8,176.4,5.35,0.8874,4.682,60.25,5.10137785714286,123.57,,98.54925,1.315,1.4306,5.40449,74.4,4.9468,1.536,4.5025,77.27153,5.5915,9.261,16.31,56.01226,
2001-05-31,4.21,177.3,5.43,0.8455,4.63668181818182,60.53,5.2625182173913,118.88,,98.65105,1.25,1.4175,5.24858,74.9,5.1153,1.5461,4.34,77.90361,5.85136363636364,9.165,14.22,56.14079,
2001-06-30,3.97,177.7,5.42,0.8474,4.45357142857143,60.63,5.20828771428571,124.73,,98.44744,1.152,1.4077,5.25854,75.0,5.1951,1.5175,4.26,77.98262,5.71809523809524,9.06,11.9,56.27358,
2001-07-31,3.77,177.4,5.07,0.8752,4.46713636363636,60.49,5.25002486363636,125.0,,98.14202,1.305,1.4252,5.25436,74.5,5.2037,1.531,4.18,77.74559,5.80047619047619,9.151,11.6,56.12736999999999,10.9
2001-08-31,3.65,177.4,4.85,0.909,4.35352173913043,60.44,5.05821360869565,118.75,,98.44744,1.343,1.451,4.99658,74.8,4.9854,1.5478,3.936,77.74559,5.53090909090909,9.2075,10.22,56.45991,
2001-09-30,3.07,178.1,4.6,0.9099,3.98285,60.6,5.0374285,119.23,,98.34563,1.346,1.4691,4.72946,75.0,4.9876,1.5797,3.3325,77.90361,5.30263157894737,9.52,12.19,56.985490000000006,
2001-10-31,2.49,177.6,4.3,0.8993,3.59986956521739,60.66,4.8168694347826095,122.54,,98.34563,1.363,1.4534,4.42821,74.9,4.8253,1.5905,2.728,77.50856,5.23272727272727,9.27,11.16,57.24303,11.09
2001-11-30,2.09,177.5,4.78,0.8958,3.38568181818182,60.62,4.6666605,123.22,,97.8366,1.328,1.4255,3.99675,74.9,4.6271,1.5717,2.1525,76.79746999999999,5.17714285714286,9.2585,10.21,57.45867,
2001-12-31,1.82,177.4,5.07,0.8901,3.34488888888889,60.89,4.958767428571431,131.04,,97.73479,1.334,1.4543,4.0506,75.0,4.8928,1.5925,2.0,76.95549,5.40842105263158,9.156,8.87,57.53824,10.28
2002-01-31,1.73,177.7,5.07,0.8594,3.33877272727273,60.96,5.02288778260869,134.06,,97.53118,1.42,1.412,4.04677,74.8,4.9171,1.5915,1.914,77.11350999999999,5.34363636363636,9.152,8.44,58.069390000000006,9.98
2002-02-28,1.74,178.0,4.88,0.8658,3.3571,61.06,5.066115,133.96,,97.02214,1.501,1.4129,4.05268,75.0,4.9251,1.6049,2.015,77.58757,5.321,9.13,9.06,58.03206,9.93
2002-03-31,1.73,178.5,5.42,0.8717,3.3908,61.4,5.3164610476190495,132.7,,97.22575,1.421,1.425,4.13055,75.2,5.2202,1.5958,2.155,78.14064,5.667,9.0005,8.61,58.3289,9.72
2002-04-30,1.75,179.3,5.11,0.9002,3.40690476190476,61.68,5.29724245454545,128.45,0.1,97.53118,1.394,1.4565,4.17319,75.6,5.2331,1.5681,2.325,78.61469,5.65863636363636,9.375,7.12,58.64753,9.85
2002-05-31,1.75,179.5,5.08,0.9339,3.46713636363636,61.79,5.30314330434783,124.13,0.08,97.8366,1.365,1.4625,4.1537,75.8,5.2689,1.5275,2.514,78.77271,5.59590909090909,9.6525,7.63,58.7664,9.2
2002-06-30,1.75,179.6,4.86,0.9856,3.464,61.77,5.16486755,119.85,0.09,97.73479,1.328,1.5245,4.17758,75.8,5.099,1.519,2.69,78.93073000000001,5.424,9.98,8.65,59.05293,9.95
2002-07-31,1.73,180.0,4.51,0.9796,3.41,61.7,5.02740760869565,119.77,0.09,97.32757,1.296,1.5625,4.06054,75.6,5.0027,1.5845,2.782,79.40479,5.29045454545455,9.8,8.73,59.22245,10.17
2002-08-31,1.74,180.5,4.14,0.9806,3.35190909090909,61.75,4.73105454545455,118.76,0.07,97.63299,1.255,1.5476,3.98654,75.8,4.746,1.5585,2.83,79.72083,5.12047619047619,9.9185,7.95,59.44761999999999,10.23
2002-09-30,1.75,180.8,3.63,0.9879,3.31014285714286,61.9,4.52329023809524,121.74,0.08,97.63299,1.129,1.57,3.98872,76.0,4.5006,1.5863,2.805,79.72083,4.8855,10.212,8.74,59.80519,10.22
2002-10-31,1.75,181.2,3.93,0.9881,3.26126086956522,62.05,4.62346526086957,122.78,0.08,97.42937,1.095,1.563,3.96401,76.1,4.616,1.561,2.768,79.95786,5.12727272727273,10.15,9.1,60.06879,11.17
2002-11-30,1.34,181.5,4.22,0.9932,3.12414285714286,62.0,4.592367809523809,122.72,0.08,97.42937,0.979,1.5553,3.97142,76.1,4.6378,1.5658,2.7,80.19489,5.0895,10.154,8.73,60.5546,10.96
2002-12-31,1.24,181.8,3.83,1.0485,2.94105,62.3,4.40649604545455,118.75,0.1,97.42937,0.975,1.6095,4.01777,76.3,4.5644,1.58,2.6775,79.87885,4.9675,10.425,8.64,60.8182,10.12
2003-01-31,1.24,182.6,4.0,1.0739,2.83181818181818,62.27,4.2703242173913,119.96,0.1,97.12395,0.836,1.6448,3.98263,75.9,4.3899,1.5286,2.716,80.58994,4.96181818181818,10.902,9.38,61.06406,10.12
2003-02-28,1.26,183.6,3.71,1.0779,2.68745,62.52,4.06079105,118.22,0.09,96.81853,0.828,1.5737,3.75425,76.1,4.2131,1.488,2.8125,81.22202,5.012,11.0285,9.85,61.23368000000001,10.09
2003-03-31,1.25,183.9,3.83,1.09,2.52995238095238,62.88,4.12716414285714,118.07,0.08,97.12395,0.724,1.579,3.65503,76.4,4.3243,1.4695,3.0375,81.45905,4.99714285714286,10.782,10.04,61.62021,10.58
2003-04-30,1.26,183.2,3.89,1.118,2.53335,62.98,4.22886363636364,119.07,0.08,97.42937,0.663,1.6,3.64598,76.8,4.4663,1.4336,3.196,80.90598,5.05190476190476,10.308,8.7,61.72541,9.53
2003-05-31,1.26,182.9,3.37,1.1766,2.40052380952381,62.94,3.9187085,119.5,0.08,97.63299,0.577,1.6393,3.63252,76.8,4.2197,1.3712,3.1775,80.98499,4.67190476190476,10.34,6.74,61.52624,8.49
2003-06-30,1.22,183.1,3.54,1.1502,2.15185714285714,63.02,3.72330985714286,119.87,0.09,97.32757,0.529,1.6529,3.63966,76.7,4.1127,1.3558,3.0975,80.98499,4.28809523809524,10.455,6.19,61.57706999999999,8.07
2003-07-31,1.01,183.7,4.49,1.1231,2.13004347826087,62.92,4.0626237826087,120.42,0.09,97.12395,0.956,1.609,3.49022,76.6,4.4078,1.4074,2.912,81.064,4.68318181818182,10.585,5.7,61.66631,8.74
2003-08-31,1.03,184.5,4.45,1.0986,2.14042857142857,63.02,4.204696047619049,116.71,0.09,97.32757,1.406,1.5773,3.52249,76.8,4.604,1.385,2.7775,81.30103000000001,4.902,11.06,5.54,61.8513,8.88
2003-09-30,1.01,185.1,3.96,1.165,2.14731818181818,63.24,4.23185136363637,111.43,0.09,97.42937,1.42,1.662,3.6967,77.0,4.7132,1.3507,2.6325,81.45905,4.75714285714286,11.0025,5.5,62.21951,8.37
2003-10-31,1.01,184.9,4.33,1.1609,2.1435652173913,63.34,4.30806830434783,110.1,0.09,97.42937,1.437,1.6956,3.80338,77.1,4.9071,1.3195,2.618,81.22202,4.81545454545455,11.055,5.93,62.44764,8.24
2003-11-30,1.0,185.0,4.34,1.1995,2.15905,63.36,4.4378369,109.53,0.08,96.92033,1.333,1.7219,3.98043,77.1,5.065,1.2973,2.7,81.45905,4.85684210526316,11.395,5.83,62.96596,8.35
2003-12-31,0.98,185.5,4.27,1.2597,2.14633333333333,63.56,4.3560047826087,107.13,0.1,97.02214,1.33,1.7842,4.01864,77.3,4.896,1.2923,2.624,81.53806,4.72904761904762,11.242,6.57,63.23665,8.32
2004-01-31,1.0,186.3,4.16,1.2452,2.08947619047619,63.42,4.256703318181821,105.84,0.09,96.81853,1.33,1.8215,4.05531,77.0,4.7875,1.3265,2.3725,81.61707,4.58619047619048,11.012,5.55,63.62967,8.32
2004-02-29,1.01,186.7,3.99,1.2441,2.07055,63.57,4.18328015,109.26,0.09,96.81853,1.211,1.8575,4.16654,77.2,4.8056,1.3405,2.195,81.77509,4.4515,11.062,6.07,64.01029,8.38
2004-03-31,1.0,187.1,3.86,1.2292,2.02882608695652,63.97,4.019410565217391,104.18,0.08,97.02214,1.418,1.84,4.29673,77.3,4.7088,1.31,2.038,82.09113,4.2604347826087,11.183,6.55,64.2272,8.6
2004-04-30,1.0,187.4,4.53,1.1975,2.04875,64.3,4.24242631818182,110.37,0.08,97.02214,1.52,1.7744,4.39472,77.6,4.957,1.3711,1.9625,82.24915,4.61285714285714,11.402,6.37,64.32412,8.92
2004-05-31,1.0,188.2,4.66,1.2217,2.08585714285714,64.5,4.3862070952381,110.18,0.08,97.12395,1.505,1.833,4.52872,77.9,5.1118,1.3666,1.97,82.96023000000001,4.773,11.414,7.31,64.16277,10.1
2004-06-30,1.03,188.9,4.62,1.2179,2.11268181818182,64.54,4.44260136363636,109.43,0.09,97.32757,1.807,1.8126,4.78974,77.9,5.2,1.3407,2.008,83.03924,4.93272727272727,11.538,7.59,64.26561,10.3
2004-07-31,1.26,189.1,4.5,1.2032,2.11604545454546,64.4,4.3395705,111.39,0.09,97.02214,1.808,1.8183,4.85702,77.7,5.1083,1.3296,2.035,82.96023000000001,4.75,11.41,7.63,64.43405,9.78
2004-08-31,1.43,189.2,4.13,1.2183,2.11427272727273,64.53,4.16788581818182,109.0,0.09,97.12395,1.588,1.8031,4.96284,77.9,5.0071,1.3166,2.0625,82.80221999999998,4.63095238095238,11.376,7.84,64.83181,10.03
2004-09-30,1.61,189.8,4.14,1.2417,2.11859090909091,64.6,4.11397131818182,110.2,0.09,97.42937,1.393,1.809,4.9469,77.9,4.9109,1.2648,2.346,82.96023000000001,4.60238095238095,11.385,8.06,65.36786,10.27
2004-10-31,1.76,190.8,4.05,1.2746,2.14733333333333,64.85,3.9794187142857105,106.04,0.09,97.93841,1.483,1.8345,4.90071,78.1,4.7683,1.2209,2.5325,83.11825,4.55,11.5365,8.46,65.82058,9.69
2004-11-30,1.93,191.7,4.36,1.3259,2.17031818181818,64.81,3.86868736363636,103.04,0.09,97.73479,1.452,1.9073,4.88359,78.3,4.6903,1.1902,2.64,83.43429,4.48476190476191,11.2411,8.85,66.38205,10.35
2004-12-31,2.16,191.7,4.24,1.3538,2.17317391304348,65.05,3.68934673913044,102.68,0.1,97.22575,1.397,1.916,4.87103,78.6,4.5316,1.2034,2.466,83.27627,4.32047619047619,11.154,9.03,66.51916999999999,9.72
2005-01-31,2.28,191.6,4.14,1.3049,2.14542857142857,64.65,3.63360014285714,103.55,0.1,97.02214,1.31,1.885,4.87316,78.3,4.5419,1.2396,2.455,83.19726,4.2605,11.2065,9.03,66.52153,10.02
2005-02-28,2.5,192.4,4.36,1.3274,2.13835,64.89,3.6152795,104.25,0.1,96.71672,1.419,1.9249,4.89069,78.5,4.5884,1.2295,2.445,83.5133,4.205,11.0885,9.59,66.74316,9.62
2005-03-31,2.63,193.1,4.5,1.2969,2.13719047619048,65.37,3.76245713043478,107.22,0.08,97.02214,1.325,1.8888,4.98736,78.8,4.796,1.2094,2.498,83.98736,4.35818181818182,11.177,9.98,67.04399000000001,10.26
2005-04-30,2.79,193.7,4.21,1.2919,2.1372380952381,65.64,3.57094195238095,104.64,0.08,97.12395,1.257,1.9122,4.94336,79.1,4.6218,1.2568,2.47,84.22439,4.19380952380952,11.082,10.22,67.28276,10.41
2005-05-31,3.0,193.6,4.0,1.2349,2.12563636363636,65.78,3.40743118181818,107.97,0.08,97.22575,1.238,1.8231,4.89375,79.4,4.4173,1.2512,2.46,84.3034,4.07380952380952,10.9125,10.21,67.11373,9.84
2005-06-30,3.04,193.7,3.94,1.2098,2.11104545454545,65.86,3.25411418181818,110.91,0.09,96.81853,1.143,1.793,4.84144,79.4,4.2847,1.2256,2.448,84.46141999999999,3.82818181818182,10.772,10.01,67.04930999999999,9.56
2005-07-31,3.26,194.9,4.28,1.2129,2.11942857142857,65.78,3.3159929523809506,112.25,0.09,96.71672,1.295,1.7593,4.65794,79.5,4.3011,1.2257,2.555,84.61944,3.8995,10.5995,10.03,67.31172,9.37
2005-08-31,3.5,196.1,4.02,1.233,2.13247826086957,65.94,3.31554360869565,110.84,0.09,96.81853,1.365,1.8012,4.59465,79.7,4.3249,1.1893,2.68,84.93548,3.92045454545455,10.794,10.03,67.3921,9.4
2005-09-30,3.62,198.8,4.34,1.2058,2.13913636363636,66.28,3.15553768181818,113.29,0.09,97.12395,1.45,1.7696,4.59686,79.9,4.2109,1.1607,2.795,85.64656,3.86857142857143,10.791,9.45,67.66219,8.5
2005-10-31,3.78,199.1,4.57,1.1995,2.19661904761905,66.45,3.32335995238095,116.36,0.09,97.12395,1.513,1.7689,4.58701,80.0,4.3482,1.1796,2.98,85.25151,4.047,10.789,9.25,67.82826999999999,8.85
2005-11-30,4.0,198.1,4.49,1.179,2.36086363636364,66.31,3.52725454545455,119.66,0.09,96.71672,1.454,1.7321,4.61847,80.0,4.3129,1.167,3.206,85.0935,4.10714285714286,10.5765,9.14,68.31645,8.73
2005-12-31,4.16,198.1,4.39,1.1842,2.47285714285714,66.53,3.40898186363636,117.88,0.1,96.81853,1.488,1.7188,4.63732,80.3,4.2186,1.1656,3.35,85.01449000000001,4.041,10.6275,8.64,68.73608,8.45
2006-01-31,4.29,199.3,4.53,1.2158,2.51168181818182,66.24,3.39270140909091,116.88,0.1036,96.92033,1.547,1.782,4.60368,80.0,4.0752,1.1436,3.42,85.48854,4.02904761904762,10.44,8.16,69.13915,8.25
2006-02-28,4.49,199.4,4.55,1.1925,2.60035,66.42,3.55100435,115.82,0.11,96.61491,1.598,1.7539,4.58199,80.2,4.1543,1.1379,3.63,85.33051999999998,4.17,10.4542,7.93,69.24494,8.21
2006-03-31,4.59,199.7,4.86,1.2139,2.72260869565217,66.81,3.7311823478260897,117.48,0.1255,96.81853,1.759,1.7393,4.58741,80.4,4.3177,1.167,3.76,85.80458,4.1995652173913,10.898,7.78,69.33183000000001,8.25
2006-04-30,4.79,200.7,5.07,1.2624,2.79377777777778,67.25,4.0116374,113.79,0.14,97.02214,1.956,1.822,4.6296,80.9,4.5177,1.1203,3.96,86.27864,4.41578947368421,11.089,7.72,69.43348,8.57
2006-05-31,4.94,201.3,5.12,1.2833,2.889,67.44,4.06029543478261,112.26,0.27,97.32757,1.849,1.8732,4.7015,81.3,4.6488,1.1027,4.126,86.67369000000002,4.39954545454545,11.288,7.59,69.12437,8.81
2006-06-30,4.99,201.8,5.15,1.2779,2.98568181818182,67.49,4.07508859090909,114.51,0.35,97.32757,1.901,1.8491,4.73498,81.5,4.6645,1.115,4.24,86.51567,4.44136363636364,11.2865,7.68,69.18406999999999,9.73
2006-07-31,5.24,202.9,4.99,1.2764,3.10219047619048,67.41,4.09628790476191,114.44,0.44,97.02214,1.927,1.8685,4.73322,81.5,4.656,1.1309,4.2,86.59468000000001,4.444,10.916,7.57,69.37379,8.69
2006-08-31,5.25,203.8,4.74,1.2793,3.22647826086957,67.47,3.9681833043478303,117.35,0.432,97.73479,1.668,1.9024,4.94425,81.8,4.6535,1.1066,4.132,86.7527,4.25272727272727,10.912,7.48,69.72780999999999,8.08
2006-09-30,5.25,202.8,4.64,1.2687,3.33538095238095,67.47,3.8398482857142895,117.99,0.436,97.73479,1.628,1.8716,5.02501,81.9,4.5522,1.1151,4.15,86.27864,4.06857142857143,10.9775,7.5,70.43171,8.23
2006-10-31,5.25,201.9,4.61,1.2773,3.502,67.53,3.8812864090909103,116.82,0.447,97.53118,1.718,1.9084,5.13176,82.0,4.6155,1.1227,4.1575,86.12062,4.10666666666667,10.767,7.65,70.73963,8.4
2006-11-30,5.25,202.0,4.46,1.3261,3.59718181818182,67.55,3.8040629090909106,115.55,0.502,97.02214,1.69,1.9693,5.22544,82.2,4.5452,1.1413,4.178,86.27864,3.99952380952381,11.0,7.62,71.11079000000001,7.88
2006-12-31,5.24,203.1,4.71,1.3197,3.6842105263157903,67.81,3.9026030952381,119.02,0.54,97.12395,1.645,1.9586,5.29167,82.6,4.6195,1.1652,4.16,86.43666,3.96631578947368,10.7995,7.6,71.52214000000001,7.56
2007-01-31,5.25,203.437,4.83,1.2998,3.75186363636364,67.47,4.102809478260871,121.02,0.54,96.92033,1.705,1.9611,5.48623,82.1,4.8694,1.1792,4.156,86.43666,4.12181818181818,11.0381,7.67,71.89153,7.43
2007-02-28,5.26,204.226,4.56,1.323,3.8182,67.67,4.1175186,118.33,0.66,96.4113,1.64,1.9613,5.5657,82.4,4.896,1.17,4.18,87.06874,4.1175,11.1575,7.67,72.09248,7.96
2007-03-31,5.26,205.288,4.65,1.3374,3.8909090909090898,68.12,4.02271686363636,117.56,0.66,96.71672,1.629,1.9685,5.54946,82.8,4.8194,1.153,4.1675,87.77982,4.04590909090909,11.0427,7.68,72.2485,7.82
2007-04-30,5.25,205.904,4.63,1.366,3.97526315789474,68.55,4.24588171428571,119.44,0.65,97.02214,1.653,2.0,5.64899,83.1,5.0439,1.1068,4.1625,88.17487,4.1715,10.9295,7.61,72.20536,7.62
2007-05-31,5.25,206.755,4.9,1.3453,4.07136363636364,68.71,4.37309595652174,121.76,0.67,97.32757,1.733,1.9797,5.76742,83.3,5.1458,1.0701,4.19,88.56992,4.29272727272727,10.738,7.83,71.85311,7.7
2007-06-30,5.25,207.234,5.03,1.352,4.147761904761911,68.78,4.66075533333333,123.39,0.73,97.12395,1.903,2.0063,5.88018,83.5,5.4321,1.0634,4.36,88.4119,4.61285714285714,10.7901,7.82,71.9394,7.56
2007-07-31,5.26,207.603,4.78,1.3711,4.21618181818182,68.62,4.62842486363636,119.13,0.77,97.02214,1.809,2.0364,6.02396,83.1,5.4084,1.0656,4.4975,88.49091,4.59,10.9311,7.78,72.24495999999998,7.62
2007-08-31,5.02,207.667,4.54,1.3641,4.5436086956521695,68.67,4.4263127826087,115.83,0.84,97.53118,1.577,2.0165,6.41946,83.4,5.1499,1.056,4.262,88.25388000000001,4.42863636363636,11.032,7.79,72.53928,7.9
2007-09-30,4.94,208.547,4.59,1.4219,4.7417,68.93,4.3694047,114.97,0.85,97.53118,1.698,2.0389,6.64694,83.5,4.9928,0.9959,3.9975,88.4119,4.35631578947368,10.9315,7.77,73.10252,7.88
2007-10-31,4.76,209.19,4.48,1.4468,4.68739130434783,69.27,4.40021491304348,115.27,0.85,97.73479,1.616,2.0777,6.27014,83.8,4.9576,0.9496,3.936,88.17487,4.36272727272727,10.6996,7.78,73.3874,
2007-11-30,4.49,210.834,3.97,1.4688,4.63854545454545,69.65,4.25154036363636,111.02,0.87,97.63299,1.497,2.0567,6.40858,84.1,4.7263,1.0007,3.9625,88.4119,4.12142857142857,10.896,8.01,73.90513,7.93
2007-12-31,4.24,211.445,4.04,1.4603,4.848368421052631,69.92,4.38176185714286,111.71,0.86,97.73479,1.526,1.9843,6.35943,84.5,4.6937,0.9881,3.8325,88.49091,4.01578947368421,10.9169,8.0,74.21069,8.09
2008-01-31,3.94,212.174,3.67,1.4841,4.48154545454545,69.68,4.231745304347831,106.74,0.85,97.63299,1.429,1.9895,5.65965,84.1,4.4925,1.0018,3.582,88.33289,3.84818181818182,10.819,7.99,74.55466,7.65
2008-02-29,2.98,212.687,3.53,1.5187,4.36209523809524,69.92,4.1393709523809505,104.19,0.85,97.42937,1.429,1.9864,5.64202,84.6,4.6234,0.9796,3.265,88.64893000000002,3.828,10.7263,7.93,74.77629,
2008-03-31,2.61,213.448,3.45,1.5805,4.59636842105263,70.61,4.07051223809524,99.85,0.84,97.8366,1.245,1.9855,5.89929,84.9,4.445,1.0275,2.185,88.96497,3.509,10.63,7.94,75.31825,7.53
2008-04-30,2.28,213.942,3.77,1.5568,4.7835,70.84,4.2827465,104.53,0.84,97.73479,1.6,1.9847,5.91881,85.6,4.6432,1.0092,2.404,89.67605999999998,3.62863636363636,10.5101,7.96,75.48965,7.72
2008-05-31,1.98,215.208,4.06,1.556,4.85738095238095,71.28,4.42327081818182,105.46,0.84,98.54925,1.778,1.9793,5.82639,86.1,4.8683,0.9938,2.65,90.54517,3.62142857142857,10.329,7.96,75.40809,
2008-06-30,2.0,217.463,3.99,1.5748,4.9405238095238095,71.56,4.80925171428571,106.17,0.86,99.05828,1.601,1.9906,5.92944,86.6,5.2103,1.0185,2.6125,91.17725,3.76,10.3035,8.1,75.72015,8.25
2008-07-31,2.01,219.016,3.99,1.5589,4.961,71.45,4.8145092173913,108.1,0.85,99.2619,1.537,1.9806,5.8322,86.6,5.0494,1.0261,2.368,91.49329,3.75045454545455,10.0345,8.49,76.14214,9.26
2008-08-31,2.0,218.69,3.83,1.4669,4.96519047619048,71.35,4.496043047619049,108.69,0.85,99.56732,1.431,1.819,5.76619,87.1,4.7267,1.0631,2.47,91.33527,3.5915,10.297,8.71,76.58185,8.55
2008-09-30,1.81,218.877,3.85,1.4081,5.01918181818182,71.49,4.504298409090911,105.94,0.87,99.56732,1.481,1.7804,5.9106,87.5,4.5701,1.0597,2.1175,91.41428,3.54095238095238,10.9726,8.74,77.10372,
2008-10-31,0.97,216.995,4.01,1.2682,5.11308695652174,71.51,4.41582552173913,98.28,0.89,99.46552,1.486,1.6165,6.13304,87.3,4.5789,1.2158,1.556,90.46616,3.66818181818182,12.705,8.76,77.62914,8.5
2008-11-30,0.39,213.153,2.93,1.2694,4.2383,71.17,4.19642625,95.46,0.88,98.54925,1.377,1.5348,4.44684,87.3,4.2571,1.236,1.7825,90.15012,3.57157894736842,13.39,8.83,78.51153000000002,9.82
2008-12-31,0.16,211.398,2.25,1.3919,3.29261904761905,71.08,3.8881413043478306,90.79,0.74,98.14202,1.214,1.4619,3.17247,87.1,3.6238,1.224,1.05,89.51804,2.94571428571429,13.832,8.82,79.05527,7.99
2009-01-31,0.15,211.933,2.87,1.2804,2.45652380952381,70.5,4.0998949534215905,89.83,0.72,97.63299,1.272,1.4413,2.34276,86.6,3.6699,1.2365,0.8025,89.28101,2.81238095238095,14.333,8.41,79.23848000000001,
2009-02-28,0.22,212.705,3.02,1.2662,1.94305,70.79,4.19648825579123,97.74,0.71,97.32757,1.277,1.4276,2.09038,87.2,3.6899,1.271,0.7275,89.91309,2.96052631578947,15.088,7.86,79.41342,8.24
2009-03-31,0.18,212.495,2.71,1.3261,1.63545454545455,71.05,4.14197136591993,99.15,0.65,97.63299,1.323,1.43,1.83139,87.3,3.2497,1.2606,0.4075,90.07111,2.88590909090909,14.21,7.54,79.87028000000002,7.75
2009-04-30,0.15,212.709,3.16,1.3244,1.4223,71.3,4.08934316712587,98.76,0.6,97.73479,1.402,1.4799,1.53413,87.5,3.4072,1.1939,0.324,89.9921,2.95428571428571,13.801,6.5,80.14983000000002,
2009-05-31,0.18,213.022,3.47,1.4126,1.2817,71.34,4.13313585146522,95.55,0.57,97.53118,1.481,1.616,1.35795,87.9,3.6206,1.0957,0.18,90.62418,3.202,13.182,5.65,79.91638,7.55
2009-06-30,0.21,214.79,3.53,1.402,1.22790909090909,71.48,4.32495409356537,96.42,0.56,97.32757,1.363,1.6452,1.24117,88.1,3.7221,1.1626,0.225,90.94022,3.45909090909091,13.17,5.18,80.06355,8.22
2009-07-31,0.16,214.726,3.52,1.4279,0.9749565217391312,71.01,4.08867726431956,94.54,0.55,97.02214,1.386,1.6713,1.00113,88.0,3.8238,1.0791,0.234,90.62418,3.42909090909091,13.2025,4.91,80.28163,8.09
2009-08-31,0.16,215.445,3.4,1.4354,0.860476190476191,71.25,3.89149233614812,92.82,0.54,97.32757,1.314,1.6314,0.77369,88.3,3.7142,1.0967,0.23,90.62418,3.4645,13.3361,4.95,80.47371,
2009-09-30,0.15,215.861,3.31,1.463,0.772090909090909,71.26,3.86698059992542,89.49,0.54,97.32757,1.258,1.6004,0.6056,88.3,3.6566,1.0719,0.22,90.62418,3.36571428571429,13.4805,5.0,80.87737,8.0
2009-10-31,0.12,216.509,3.41,1.4755,0.7375,71.42,3.8038635928819104,90.5,0.53,96.92033,1.404,1.6479,0.57087,88.4,3.5699,1.0767,0.215,90.54517,3.4252380952381,13.1555,5.0,81.12206,8.05
2009-11-30,0.12,217.234,3.21,1.4994,0.716190476190476,71.51,3.8349723018409696,86.12,0.51,96.71672,1.253,1.6409,0.60936,88.6,3.7592,1.057,0.215,91.01923,3.3925,12.916,5.08,81.54286,
2009-12-31,0.12,217.347,3.85,1.4332,0.712045454545454,71.73,3.87162289880302,93.08,0.46,96.51311,1.272,1.6167,0.60541,88.9,3.8871,1.0461,0.198,90.70319,3.41619047619048,13.0576,5.07,81.88033,7.81
2010-01-31,0.11,217.488,3.63,1.387,0.67975,71.15,4.10167002022155,90.38,0.45,96.61491,1.308,1.6009,0.61265,88.8,4.0025,1.0652,0.1725,90.94022,3.485,13.0285,5.06,82.77041,
2010-02-28,0.13,217.281,3.61,1.366,0.6617,71.37,4.10599440438843,88.84,0.44,96.61491,1.295,1.5239,0.6331,89.0,4.0624,1.052,0.165,91.33527,3.42368421052632,12.7575,5.03,83.24914,7.66
2010-03-31,0.16,217.353,3.84,1.3526,0.64495652173913,72.16,3.98666537388462,93.4,0.43,96.81853,1.361,1.5186,0.64549,89.4,4.0915,1.0156,0.228,91.33527,3.4904347826087,12.3005,5.03,83.84016,
2010-04-30,0.2,217.403,3.69,1.3302,0.6447,72.45,4.16705922161741,94.24,0.4,96.81853,1.286,1.5308,0.65592,89.9,4.1007,1.0112,0.3375,91.65131,3.67,12.2281,5.03,83.57301,7.54
2010-05-31,0.2,217.29,3.31,1.2369,0.68652380952381,72.54,3.68417374441406,90.81,0.39,96.81853,1.257,1.4492,0.69713,90.1,3.7772,1.0497,0.39,91.88834000000001,3.4455,12.8633,5.04,83.04642,7.49
2010-06-30,0.18,217.199,2.97,1.2291,0.727590909090909,72.54,3.68982904070938,88.49,0.38,96.61491,1.08,1.4947,0.72839,90.2,3.6007,1.0606,0.522,91.80933,3.29772727272727,12.8306,5.01,83.02041,
2010-07-31,0.18,217.605,2.94,1.3069,0.848818181818182,72.23,3.61038510192208,86.43,0.37,96.10588000000001,1.075,1.5714,0.73603,90.0,3.5087,1.0293,0.575,92.28338,3.1852380952381,12.6421,5.01,83.20067,6.88
2010-08-31,0.19,217.923,2.47,1.2704,0.8955,72.37,3.43788182751189,84.1,0.36,96.20769000000001,1.023,1.5358,0.73296,90.4,3.233,1.064,0.66,92.20437,2.94952380952381,13.1671,4.99,83.43176,6.49
2010-09-30,0.19,218.275,2.53,1.3601,0.8805,72.6,3.49211667165418,83.53,0.36,96.4113,0.898,1.5731,0.72859,90.4,3.1271,1.0293,0.85,92.36239,2.88142857142857,12.627,4.98,83.86910999999998,6.25
2010-10-31,0.19,219.035,2.63,1.3894,0.997666666666667,72.81,3.32932440414292,80.48,0.34,96.71672,0.903,1.602,0.7384,90.6,3.0685,1.0187,0.895,92.75744,2.766,12.3415,4.95,84.38685,
2010-11-30,0.19,219.59,2.81,1.3036,1.04204545454545,72.88,3.7182547054332,83.56,0.34,96.4113,1.161,1.5578,0.73901,90.9,3.311,1.0266,0.9525,92.83645000000001,3.02238095238095,12.454,4.92,85.06296999999998,6.13
2010-12-31,0.18,220.472,3.3,1.3269,1.02169565217391,73.32,4.0534993150717105,81.67,0.34,96.20769000000001,1.133,1.5392,0.74962,91.7,3.6098,1.0009,0.994,92.83645000000001,3.2047619047619,12.3825,4.95,85.48437,7.16
2011-01-31,0.17,221.187,3.42,1.3715,1.0172380952381,72.8,3.9326299436839105,81.97,0.34,96.10588000000001,1.213,1.6042,0.76866,91.8,3.7273,1.002,0.9625,93.07348,3.253,12.1541,4.92,85.90082,
2011-02-28,0.16,221.898,3.42,1.3793,1.08675,73.11,4.474787617347671,81.94,0.34,96.10588000000001,1.241,1.6247,0.79962,92.3,3.8799,0.9737,0.9525,93.31051,3.41736842105263,12.113,4.88,86.22306999999998,
2011-03-31,0.14,223.046,3.47,1.4183,1.17552173913043,74.09,4.487934587834,82.76,0.33615,96.30949,1.214,1.6048,0.80913,92.6,3.7386,0.9717,0.926,94.33763,3.26652173913043,11.917,4.87,86.38848,
2011-04-30,0.1,224.093,3.32,1.4821,1.32121052631579,74.51,4.66041137228633,81.31,0.33286,96.4113,1.215,1.6691,0.82096,93.3,3.7619,0.9486,0.965,94.65367,3.328,11.5237,4.88,86.38162,7.28
2011-05-31,0.09,224.806,3.05,1.4376,1.42509090909091,74.52,4.36747925922629,81.29,0.33214,96.4113,1.118,1.6439,0.82344,93.5,3.5053,0.9688,0.9625,95.28575,3.15190476190476,11.579,4.88,85.74483000000002,
2011-06-30,0.09,224.806,3.18,1.4523,1.48859090909091,74.51,4.3743837775344305,80.64,0.33214,96.30949,1.084,1.6067,0.82512,93.5,3.4144,0.9642,0.928,94.65367,2.98772727272727,11.7191,4.89,85.74055,6.92
2011-07-31,0.07,225.395,2.82,1.4388,1.59761904761905,74.09,4.596683374523329,77.18,0.33214,96.30949,1.075,1.6455,0.8289,93.5,3.3137,0.9539,0.9225,94.81169,2.9385,11.7235,4.86,86.15193000000002,6.9
2011-08-31,0.1,226.106,2.23,1.4406,1.55208695652174,74.22,4.20449278450583,76.5,0.32857,96.4113,1.023,1.6269,0.85782,93.9,2.7833,0.9783,0.874,95.04872,2.44636363636364,12.3262,4.85,86.28820999999998,5.78
2011-09-30,0.08,226.597,1.92,1.3449,1.53645454545455,74.77,4.03449708299734,77.04,0.32929,96.4113,0.975,1.5624,0.9181,94.5,2.504,1.0389,0.8725,95.28575,2.19666666666667,13.7701,4.8,86.4999,
2011-10-31,0.07,226.75,2.17,1.3947,1.57585714285714,75.03,4.07775911407011,77.97,0.32929,96.51311,1.038,1.6141,0.96991,94.5,2.529,0.9932,0.8625,95.44377,2.296,13.169,4.81,87.08355,6.85
2011-11-30,0.08,227.169,2.08,1.3453,1.48468181818182,75.09,4.391747269186951,77.58,0.32929,95.90227,1.062,1.5705,1.01182,94.7,2.2917,1.0199,0.882,95.52278,2.12238095238095,13.6201,4.81,88.02545,6.38
2011-12-31,0.07,227.223,1.89,1.2973,1.42609523809524,75.34,4.09262291417417,76.98,0.32929,96.00407000000001,0.971,1.5537,1.06148,95.0,2.1828,1.0168,0.83,94.96971,1.992,13.951,4.81,88.74880999999998,6.46
2012-01-31,0.08,227.842,1.83,1.3053,1.22222727272727,74.74,3.90433805608164,76.34,0.33077,96.20769000000001,0.959,1.5754,1.08709,94.7,2.1104,1.005,0.825,95.36476,1.98,13.0356,4.8,89.37703,
2012-02-29,0.1,228.329,1.98,1.3359,1.04828571428571,75.11,3.74408726271292,81.1,0.33167,96.4113,0.962,1.5951,1.07249,95.2,2.2191,0.9866,0.918,95.75981,2.021,12.7941,4.8,89.55872,
2012-03-31,0.13,228.807,2.23,1.3334,0.858454545454546,76.08,3.28276480899777,82.41,0.33167,96.81853,0.966,1.5985,1.03757,95.4,2.323,0.999,0.915,96.15486000000001,2.10681818181818,12.8115,4.79,89.61015,
2012-04-30,0.14,229.187,1.95,1.3229,0.744315789473684,76.43,3.38187729759281,79.81,0.33167,96.92033,0.914,1.6225,1.01792,95.9,2.2117,0.9886,0.9825,96.54991,2.0645,12.99,4.76,89.32903,
2012-05-31,0.16,228.713,1.59,1.2364,0.684909090909091,76.33,3.52554472292503,78.29,0.33167,96.61491,0.846,1.5405,1.005,95.9,1.9416,1.0349,0.988,96.4709,1.92227272727273,14.3045,4.78,89.04706999999999,6.22
2012-06-30,0.16,228.524,1.67,1.2668,0.658857142857143,76.27,3.40599415231851,79.81,0.33455,96.10588000000001,0.789,1.5686,0.94978,95.6,1.7698,1.019,0.8825,96.07585,1.74761904761905,13.411,4.78,89.45759,5.94
2012-07-31,0.16,228.59,1.51,1.2315,0.497045454545455,75.87,3.24899459783906,78.1,0.32727,95.80046,0.78,1.5686,0.81735,95.7,1.6523,1.0014,0.8875,95.99684,1.65619047619048,13.2669,4.79,89.95982,5.12
2012-08-31,0.13,229.918,1.57,1.2578,0.332391304347826,76.16,3.00803600641141,78.3,0.32727,96.00407000000001,0.8,1.5864,0.70481,96.1,1.6735,0.9862,1.002,96.23387,1.82681818181818,13.2401,4.8,90.2298,
2012-09-30,0.14,231.015,1.65,1.2856,0.2463,76.72,2.41867343345105,77.92,0.32727,96.10588000000001,0.757,1.6132,0.64803,96.4,1.7222,0.9837,1.0075,96.39189,1.83789473684211,12.863,4.82,90.62747,5.44
2012-10-31,0.16,231.638,1.72,1.2958,0.207913043478261,76.9,2.3057818010952,79.94,0.32636,96.10588000000001,0.76,1.6111,0.54397,96.8,1.7721,0.9994,0.976,96.54991,1.81181818181818,13.0877,4.84,91.08599,5.35
2012-11-30,0.16,231.249,1.62,1.301,0.192,76.74,2.24665118025691,82.54,0.31818,95.80046,0.713,1.6027,0.52452,97.0,1.7741,0.9931,0.97,96.31288,1.73809523809524,12.9171,4.86,91.70479,5.52
2012-12-31,0.16,231.221,1.78,1.3186,0.185473684210526,77.02,2.09906736204692,86.64,0.30818,95.80046,0.781,1.6262,0.51848,97.3,1.8467,0.9958,0.945,95.75981,1.76789473684211,12.9635,4.86,91.91563,
2013-01-31,0.14,231.679,2.02,1.3584,0.204909090909091,76.22,2.39421805797137,91.28,0.29182,95.90227,0.775,1.5856,0.51228,97.0,2.0795,0.9992,0.92,95.83882,1.93136363636364,12.7344,4.86,92.28587,5.47
2013-02-28,0.15,232.937,1.89,1.3079,0.22335,76.5,2.8579232751292,92.36,0.26909,95.69865,0.669,1.5192,0.50988,97.5,2.1781,1.0286,0.9475,96.94495,1.96789473684211,12.7788,4.82,92.74011,5.03
2013-03-31,0.14,232.282,1.87,1.2816,0.20605,77.4,3.0268070553043094,94.16,0.25,95.90227,0.492,1.5193,0.50688,97.8,1.9768,1.0174,0.9625,97.10297000000001,1.8515,12.3155,4.49,93.42061,
2013-04-30,0.15,231.797,1.7,1.3168,0.208904761904762,77.33,2.85573496129224,97.52,0.22818,96.20769000000001,0.589,1.5539,0.50557,98.0,1.7824,1.0072,0.9825,96.94495,1.74863636363636,12.1323,4.34,93.48232,5.0
2013-05-31,0.11,231.893,2.16,1.2988,0.201227272727273,77.41,2.68456147468706,100.83,0.22818,96.30949,0.879,1.5185,0.50563,98.2,1.9462,1.0337,0.998,97.18198,1.90181818181818,12.7791,4.32,93.1712,4.64
2013-06-30,0.09,232.445,2.52,1.301,0.21025,77.5,3.06963806120241,99.21,0.22818,96.30949,0.822,1.521,0.50794,98.0,2.3063,1.0513,1.025,97.18198,2.2445,12.9925,4.31,93.11464,6.2
2013-07-31,0.09,232.9,2.6,1.3282,0.221434782608696,77.08,3.10141380534218,98.35,0.228,96.51311,0.79,1.5177,0.50944,98.0,2.471,1.0287,1.012,97.26099,2.43818181818182,12.857,4.32,93.08379,
2013-08-31,0.08,233.456,2.78,1.3196,0.225863636363636,77.18,3.09683898872373,98.22,0.228,96.81853,0.708,1.5468,0.51262,98.4,2.7088,1.0554,0.9925,97.26099,2.61142857142857,13.3355,4.31,93.34862,5.93
2013-09-30,0.08,233.544,2.64,1.3535,0.223238095238095,77.55,3.40709261090981,98.29,0.228,97.12395,0.669,1.6179,0.51688,98.7,2.8443,1.0284,0.9875,97.41901,2.698,13.155,4.11,93.70001,6.13
2013-10-31,0.09,233.669,2.57,1.3594,0.225826086956522,77.46,3.1629836999224,98.1,0.221,97.22575,0.59,1.6068,0.51663,98.8,2.6784,1.0429,0.924,97.18198,2.51818181818182,12.9995,3.97,94.14568,5.97
2013-11-30,0.08,234.1,2.75,1.3606,0.223380952380952,77.39,3.17118187200529,102.45,0.22,97.22575,0.605,1.6373,0.52344,98.8,2.7598,1.0597,0.925,97.18198,2.5585,13.111,3.79,95.0233,
2013-12-31,0.09,234.719,3.04,1.3779,0.2735,77.67,3.31291665153656,105.25,0.22,97.32757,0.688,1.6574,0.52474,99.2,2.9458,1.0637,0.9175,96.94495,2.6735,13.098,3.79,95.56839,6.33
2014-01-31,0.07,235.288,2.67,1.35,0.292045454545455,76.8,3.21173436338516,102.28,0.22,97.22575,0.614,1.645,0.52093,98.7,2.91,1.1116,0.894,97.26099,2.53409090909091,13.3585,3.8,96.42287,6.46
2014-02-28,0.07,235.547,2.66,1.3806,0.2881,77.04,3.08875773068556,102.08,0.212,97.22575,0.586,1.675,0.52153,99.1,2.8147,1.1075,0.87,98.05109,2.42,13.2255,3.8,96.66713,
2014-03-31,0.08,236.028,2.73,1.3777,0.305333333333333,77.76,2.88610575008792,102.98,0.212,97.42937,0.605,1.6675,0.52157,99.3,2.7837,1.1053,0.8425,98.60416,2.45428571428571,13.056,3.81,96.93196,6.32
2014-04-30,0.09,236.468,2.67,1.387,0.32975,77.88,2.61002012827356,102.14,0.212,99.46552,0.61,1.6883,0.52665,99.6,2.7417,1.0956,0.926,98.9202,2.4447619047619,13.0835,3.81,96.75112,6.15
2014-05-31,0.09,236.918,2.48,1.364,0.324571428571429,77.79,2.55487751147178,101.77,0.21,99.87274,0.566,1.6764,0.52744,99.6,2.6989,1.0867,0.925,99.39426,2.3152380952381,12.8605,3.82,96.44173,5.87
2014-06-30,0.1,237.231,2.53,1.369,0.241428571428571,77.88,2.2750932766175,101.28,0.21,99.77094,0.536,1.7105,0.54394,99.8,2.7842,1.0676,0.935,99.47327000000001,2.29857142857143,12.9695,3.44,96.60885,
2014-07-31,0.09,237.498,2.58,1.339,0.20504347826087,77.37,2.15695472557199,102.75,0.21,99.87274,0.527,1.6889,0.55641,99.6,2.7343,1.0889,0.948,99.31525,2.19454545454545,13.237,3.31,96.87453,5.69
2014-08-31,0.09,237.46,2.35,1.315,0.191571428571429,77.46,1.99076393707155,104.0,0.21,100.0764,0.488,1.6585,0.56119,99.9,2.5347,1.0858,0.95,99.31525,2.062,13.069,3.31,97.2225,5.65
2014-09-30,0.09,237.477,2.52,1.2628,0.0970909090909091,77.8,1.84926476787436,109.66,0.21,100.28,0.497,1.622,0.56291,100.0,2.4919,1.1207,0.9275,99.39426,2.18095238095238,13.427,3.3,97.65189,
2014-10-31,0.09,237.43,2.35,1.253,0.0826086956521739,77.75,1.6893827901523,112.09,0.192,99.97455,0.465,1.5999,0.55836,100.1,2.2469,1.1272,0.894,99.47327000000001,2.01045454545455,13.4825,3.3,98.19183,6.08
2014-11-30,0.09,236.983,2.18,1.2438,0.0809,77.61,1.61676565245274,118.7,0.182,99.66913,0.42,1.5638,0.55628,99.9,2.1593,1.1426,0.9025,99.07822,2.00315789473684,13.921,3.3,98.98375,5.98
2014-12-31,0.12,236.252,2.17,1.2101,0.0809047619047619,77.54,1.44647590501225,119.85,0.179,99.66913,0.33,1.5578,0.55818,99.9,1.9287,1.1601,0.902,98.36713,1.85190476190476,14.75,3.31,99.46884,5.9
2015-01-31,0.11,234.747,1.68,1.129,0.0626666666666667,76.34,1.26571503227611,117.44,0.173,99.56732,0.275,1.5026,0.5626,99.2,1.589,1.2716,0.765,98.20911,1.52571428571429,15.005,3.31,99.37885000000001,
2015-02-28,0.11,235.342,2.0,1.1197,0.0482,76.81,1.20888002432769,119.72,0.171,99.36371,0.33,1.5439,0.56363,99.5,1.7365,1.2506,0.5325,99.07822,1.37947368421053,14.939,3.31,99.56741,5.31
2015-03-31,0.11,235.976,1.94,1.0741,0.0271818181818182,77.71,0.9505888314020852,119.96,0.17,99.66913,0.4,1.485,0.56436,99.6,1.7941,1.2681,0.5525,99.78931,1.42136363636364,15.245,3.33,99.97279,6.04
2015-04-30,0.12,236.222,2.05,1.1162,0.0047,78.04,0.849814081632761,119.86,0.17,100.1782,0.34,1.5328,0.5695,99.9,1.755,1.2116,0.618,99.7103,1.41095238095238,15.3855,3.31,99.71396,5.83
2015-05-31,0.12,237.001,2.12,1.0994,-0.0103684210526316,78.26,1.33011274292874,123.98,0.169,100.4836,0.39,1.5286,0.56798,100.1,2.0243,1.2466,0.6575,100.2634,1.744,15.3688,3.31,99.21601,
2015-06-30,0.13,237.657,2.35,1.1154,-0.0139090909090909,78.27,1.65945473225937,122.1,0.169,100.1782,0.455,1.5727,0.57188,100.1,2.1696,1.2473,0.61,100.5004,1.78,15.6902,3.31,99.38228,6.25
2015-07-31,0.13,238.034,2.2,1.1028,-0.0187391304347826,77.79,1.52966056724605,123.94,0.169,100.0764,0.41,1.5634,0.58084,100.0,2.1353,1.3047,0.47,100.5794,1.56954545454545,16.061,3.32,99.52798000000001,6.07
2015-08-31,0.14,238.033,2.21,1.1194,-0.0276666666666667,77.79,1.38766695750168,121.26,0.169,100.1782,0.38,1.5363,0.5867,100.3,1.9799,1.3223,0.385,100.5794,1.3915,16.7315,3.35,99.73795,
2015-09-30,0.14,237.498,2.06,1.1162,-0.0370454545454546,77.96,1.47989808053635,119.81,0.169,100.28,0.35,1.5116,0.58576,100.2,1.8814,1.3396,0.4,100.4214,1.48142857142857,16.898,3.36,100.1116,6.07
2015-10-31,0.12,237.733,2.16,1.1042,-0.0535909090909091,78.05,1.20240141361243,120.7,0.169,100.28,0.3,1.5445,0.58006,100.3,1.846,1.3082,0.4025,100.5004,1.46333333333333,16.53,3.32,100.6267,
2015-11-30,0.12,238.017,2.21,1.0562,-0.0876190476190476,77.72,1.1537191796848,123.22,0.169,99.87274,0.3,1.5044,0.57371,100.3,1.9779,1.3332,0.4525,100.4214,1.6335,16.6005,3.38,101.1761,6.18
2015-12-31,0.24,237.761,2.27,1.0859,-0.126318181818182,77.73,1.19178912943303,120.27,0.169,99.87274,0.27,1.4746,0.58277,100.4,1.9234,1.3839,0.484,99.94733,1.45952380952381,17.195,3.5,101.5883,
2016-01-31,0.34,237.652,1.94,1.0832,-0.14615,76.58,1.11450059178444,121.05,0.169,99.46552,0.095,1.4184,0.58976,99.9,1.7833,1.4074,0.435,100.1844,1.258,18.211,3.59,101.9757,6.23
2016-02-29,0.38,237.336,1.74,1.0868,-0.183571428571429,76.71,1.04183095663421,112.9,0.098,99.56732,-0.065,1.3926,0.59073,100.1,1.5032,1.3522,0.4575,100.4214,1.1245,18.0675,3.78,102.4222,6.07
2016-03-31,0.36,238.08,1.78,1.139,-0.22852380952381,77.67,0.930695301153468,112.42,0.098,99.66913,-0.05,1.4381,0.58825,100.4,1.5434,1.2969,0.46,101.0535,1.26818181818182,17.214,4.11,102.5731,6.03
2016-04-30,0.37,238.992,1.83,1.1441,-0.249190476190476,77.84,0.960151858445288,106.9,0.06,99.87274,-0.085,1.4625,0.5889,100.6,1.5688,1.2549,0.5125,101.3695,1.33619047619048,17.19,4.12,102.2483,
2016-05-31,0.37,239.557,1.84,1.1135,-0.257181818181818,78.16,0.972331397375095,110.75,0.06,99.97455,-0.12,1.453,0.58929,100.8,1.5366,1.3097,0.5075,101.7645,1.35,18.413,4.14,101.7923,5.91
2016-06-30,0.38,240.222,1.49,1.1032,-0.267909090909091,78.3,0.882978166585566,102.77,0.059,99.87274,-0.23,1.3242,0.57468,101.0,1.3105,1.301,0.51,102.0016,1.16818181818182,18.4935,4.21,101.9046,6.08
2016-07-31,0.39,240.101,1.46,1.1168,-0.294523809523809,77.92,0.621088196069088,102.32,0.058,99.66913,-0.195,1.327,0.5136,100.9,0.9569,1.304,0.5,101.8436,1.051,18.761,4.66,102.1703,
2016-08-31,0.4,240.545,1.58,1.1146,-0.298217391304348,77.97,0.611150867374379,103.38,0.058,99.66913,-0.07,1.3129,0.40613,101.2,0.7421,1.3122,0.506,101.6855,1.04272727272727,18.849,4.69,102.4582,6.01
2016-09-30,0.4,241.176,1.6,1.1238,-0.301636363636364,78.27,0.732542524614651,101.21,0.056,99.77094,-0.085,1.3015,0.37907,101.5,0.8243,1.3115,0.505,101.7645,1.08619047619048,19.3355,4.72,103.0839,5.99
2016-10-31,0.4,241.741,1.84,1.0962,-0.309,78.45,0.766417752375933,105.07,0.056,100.3818,-0.05,1.2212,0.3975,101.6,1.078,1.3403,0.4875,102.0016,1.1665,18.79,5.19,103.7095,6.09
2016-11-30,0.41,242.026,2.37,1.0578,-0.312681818181818,78.17,1.22588777156883,114.34,0.056,100.3818,0.02,1.2481,0.39773,101.8,1.3818,1.3425,0.48,101.6065,1.43761904761905,20.4565,5.59,104.5203,
2016-12-31,0.54,242.637,2.45,1.0552,-0.315761904761905,78.58,1.28320932640245,116.78,0.056,100.1782,0.04,1.2337,0.37226,102.2,1.4336,1.3426,0.4775,101.4485,1.732,20.617,6.02,105.002,7.25
2017-01-31,0.65,243.618,2.45,1.0794,-0.325545454545455,77.91,1.30738702746158,112.72,0.056,99.97455,0.085,1.2585,0.3621,101.8,1.4203,1.303,0.45,102.3176,1.72238095238095,20.8355,6.28,106.7872,7.6
2017-02-28,0.66,244.006,2.36,1.0618,-0.3286,78.21,1.43714133420551,112.06,0.056,99.87274,0.05,1.2427,0.35674,102.4,1.3058,1.3247,0.465,102.4756,1.70210526315789,19.9975,6.57,107.4043,
2017-03-31,0.79,243.892,2.4,1.0698,-0.329347826086957,78.87,1.45313673040938,111.41,0.056,99.87274,0.065,1.2537,0.34567,102.7,1.194,1.3321,0.498,102.6337,1.71434782608696,18.829,6.78,108.0634,7.4
2017-04-30,0.9,244.193,2.29,1.0895,-0.330388888888889,79.31,1.26257504822609,111.44,0.056,100.28,0.015,1.2938,0.33513,103.2,1.0789,1.3669,0.535,103.0287,1.52315789473684,18.934,6.93,108.1962,7.24
2017-05-31,0.91,244.004,2.21,1.1236,-0.329454545454545,79.25,1.17237157183444,110.71,0.056,100.3818,0.04,1.2905,0.31081,103.5,1.1175,1.3498,0.512,103.1077,1.51318181818182,18.655,7.05,108.0668,7.32
2017-06-30,1.04,244.163,2.31,1.1411,-0.33,79.32,1.07211029535976,112.4,0.056,100.28,0.075,1.2995,0.29442,103.5,1.0846,1.2982,0.565,103.0287,1.50272727272727,18.076,7.31,108.3385,
2017-07-31,1.15,244.243,2.3,1.1826,-0.330428571428571,78.96,1.20647009752845,110.38,0.075,100.0764,0.075,1.3196,0.2931,103.5,1.2713,1.249,0.73,103.0287,1.908,17.859,7.38,108.7482,6.88
2017-08-31,1.16,245.183,2.12,1.1894,-0.329086956521739,79.17,1.04453174515063,110.06,0.056,100.28,0.01,1.2888,0.28119,104.0,1.1241,1.2515,0.722,103.1077,1.88363636363636,17.7875,7.39,109.2855,6.89
2017-09-30,1.15,246.435,2.33,1.1813,-0.329380952380952,79.49,1.11592108421413,112.64,0.056,100.5854,0.06,1.3402,0.30911,104.3,1.2436,1.2509,0.98,103.3447,2.0495,18.148,7.39,109.6275,6.79
2017-10-31,1.15,246.626,2.38,1.1648,-0.329545454545455,79.53,1.14940415647413,113.63,0.063,100.5854,0.065,1.3281,0.38187,104.4,1.3816,1.2894,0.96,103.4238,2.05095238095238,19.129,7.4,110.3174,
2017-11-30,1.16,247.284,2.42,1.1898,-0.329,79.36,0.948731630672955,112.3,0.063,100.8908,0.035,1.3506,0.51857,104.7,1.3299,1.2884,0.88,103.7398,1.91857142857143,18.6335,7.41,111.4547,7.19
2017-12-31,1.3,247.805,2.4,1.2022,-0.327894736842105,79.64,0.87902629874751,112.69,0.063,101.1962,0.045,1.3529,0.51871,105.0,1.2781,1.2517,0.96,103.3447,1.91526315789474,19.6395,7.56,112.1138,7.53
2018-01-31,1.41,248.859,2.72,1.2428,-0.328454545454546,78.92,1.03092972825132,109.31,0.068,101.298,0.08,1.419,0.5225,104.5,1.3931,1.2293,1.164,104.0558,2.19818181818182,18.6215,7.7,112.7095,
2018-02-28,1.42,249.529,2.87,1.2211,-0.3285,79.09,1.26966337620687,106.62,0.068,101.298,0.045,1.3794,0.54683,104.9,1.6034,1.2806,1.1625,104.6879,2.32421052631579,18.8405,7.84,113.1389,7.64
2018-03-31,1.51,249.577,2.74,1.232,-0.327904761904762,79.97,1.168397749229,106.2,0.097,100.9926,0.045,1.4027,0.62842,105.1,1.508,1.2891,1.095,105.004,2.18857142857143,18.1676,7.86,113.5048,7.52
2018-04-30,1.69,250.227,2.95,1.2074,-0.32845,80.29,1.12553181283971,109.28,0.097,100.8908,0.05,1.3751,0.75629,105.5,1.5108,1.2818,1.165,105.32,2.24904761904762,18.7715,7.86,113.12,7.54
2018-05-31,1.7,250.792,2.83,1.167,-0.325227272727273,80.79,1.23621542510378,108.73,0.078,101.0944,0.03,1.3289,0.64355,105.9,1.5016,1.297,1.246,105.399,2.37545454545455,20.0005,7.89,112.9366,
2018-06-30,1.82,251.018,2.85,1.1677,-0.322047619047619,80.88,1.28733057157399,110.71,0.078,100.9926,0.03,1.3197,0.63868,105.9,1.4229,1.314,1.2375,105.557,2.20904761904762,19.6495,8.02,113.3728,7.88
2018-07-31,1.91,251.214,2.96,1.1706,-0.320727272727273,80.7,1.19588314685909,111.88,0.091,100.9926,0.06,1.3125,0.74619,105.9,1.3739,1.3017,1.375,106.1101,2.18714285714286,18.598,8.15,113.9805,7.75
2018-08-31,1.91,251.663,2.86,1.1596,-0.319,80.82,1.36578839763528,110.98,0.091,101.6035,0.11,1.2964,0.80519,106.5,1.3991,1.3072,1.488,106.0311,2.29545454545455,19.2135,8.14,114.6455,7.83
2018-09-30,1.95,252.182,3.05,1.1622,-0.31885,81.14,1.31916154308239,113.48,0.05,101.7053,0.125,1.3053,0.80093,106.6,1.5023,1.2922,1.5175,105.636,2.35368421052632,18.705,8.17,115.1303,
2018-10-31,2.19,252.772,3.15,1.1332,-0.317695652173913,81.34,1.55399426482612,112.86,0.05,102.0107,0.13,1.2779,0.80618,106.7,1.5462,1.3129,1.66,105.9521,2.48863636363636,20.255,8.17,115.727,8.17
2018-11-30,2.2,252.594,3.01,1.1323,-0.316363636363636,80.89,1.40517946789719,113.54,0.05,101.8071,0.085,1.2772,0.87483,106.9,1.4541,1.3282,1.7125,105.478,2.40761904761905,20.2975,8.37,116.7115,9.11
2018-12-31,2.27,252.767,2.69,1.1456,-0.311894736842105,80.85,1.21055886842946,109.7,0.05,101.5017,-0.01,1.2763,0.90444,107.1,1.3125,1.3644,1.66,105.399,2.05789473684211,19.635,8.5,117.5295,
2019-01-31,2.4,252.561,2.63,1.1454,-0.308,80.01,1.20242066426418,108.84,0.03,101.5017,0.0,1.3135,0.91822,106.4,1.3221,1.314,1.634,105.557,1.95363636363636,19.0525,8.62,117.6299,8.71
2019-02-28,2.4,253.319,2.73,1.1379,-0.30845,80.27,1.11999908018448,111.38,0.03,101.5017,-0.015,1.3274,0.87598,106.8,1.239,1.3166,1.665,106.2681,1.90736842105263,19.265,8.57,117.5968,8.49
2019-03-31,2.41,254.277,2.41,1.1228,-0.309190476190476,81.09,0.991972744387536,110.68,0.05,101.5017,-0.095,1.3032,0.84,107.0,1.19,1.336,1.66,106.9792,1.71238095238095,19.398,8.52,118.0498,8.01
2019-04-30,2.42,255.233,2.51,1.1201,-0.31045,81.67,0.952038365123788,111.4,0.05,101.8071,-0.045,1.303,0.82,107.6,1.1906,1.3427,1.675,107.4533,1.72428571428571,18.9945,8.5,118.1125,
2019-05-31,2.39,255.296,2.14,1.1149,-0.311863636363636,81.78,0.871484192056088,108.66,0.049,101.8071,-0.095,1.262,0.8,107.9,1.13,1.3523,1.678,107.9273,1.66454545454545,19.652,8.51,117.7725,8.24
2019-06-30,2.38,255.213,2.0,1.1374,-0.3289,81.91,0.573975698638794,107.84,0.049,101.6035,-0.165,1.2704,0.78,107.9,0.919,1.3091,1.665,107.6903,1.4625,19.2089,8.52,117.8478,7.68
2019-07-31,2.4,255.802,2.02,1.113,-0.364869565217391,81.52,0.357586837911898,108.58,0.049,101.6035,-0.16,1.222,0.77,108.0,0.8304,1.3143,1.654,108.2433,1.51909090909091,18.993,8.45,118.2905,
2019-08-31,2.13,256.036,1.5,1.0989,-0.407681818181818,81.64,0.0995032681576103,106.3,0.009,101.8071,-0.28,1.2166,0.76,108.3,0.5776,1.329,1.635,108.0853,1.2052380952381,20.0674,8.33,118.2711,7.53
2019-09-30,2.04,256.43,1.68,1.0905,-0.417571428571429,81.82,0.04752293261004,108.11,0.009,101.9089,-0.215,1.2305,0.77,108.4,0.5981,1.3243,1.6275,107.6113,1.364,19.742,8.11,118.5814,7.08
2019-10-31,1.83,257.155,1.69,1.1155,-0.412869565217391,81.93,0.131567819751726,108.09,0.009,102.2143,-0.15,1.2939,0.78,108.3,0.6373,1.3144,1.654,107.9273,1.44954545454545,19.174,7.89,119.2214,6.87
2019-11-30,1.55,257.879,1.78,1.1019,-0.401285714285714,81.67,0.301267643553345,109.47,0.018,102.3161,-0.08,1.2939,0.79,108.5,0.765,1.3291,1.6625,107.7693,1.4995,19.543,7.7,120.1831,
2019-12-31,1.55,258.63,1.92,1.1227,-0.3947,81.93,0.366036461077784,108.67,0.021,102.3161,-0.025,1.3269,0.79,108.5,0.8308,1.2962,1.6575,107.7693,1.6045,18.86,7.56,120.8539,7.14
2020-01-31,1.55,259.127,1.51,1.1082,-0.391136363636364,81.1,0.315867468685361,108.5,0.021,102.3161,-0.065,1.3195,0.74,108.3,0.7235,1.322,1.646,108.0853,1.49227272727273,18.89,7.44,121.4392,6.85
2020-02-29,1.58,259.25,1.13,1.1001,-0.40885,81.25,0.132262730992167,108.12,0.021,102.1125,-0.155,1.2778,0.75,108.6,0.633,1.3411,1.6325,108.5594,1.29473684210526,19.73,7.3,121.9434,6.47
2020-03-31,0.65,258.076,0.7,1.1016,-0.416636363636364,81.69,0.372634326290483,107.53,0.006,102.1125,0.005,1.2454,0.53,108.6,0.4609,1.4123,0.6725,107.9273,0.819090909090909,23.448,6.98,121.8853,
2020-04-30,0.05,256.032,0.64,1.0934,-0.25405,81.93,0.553776148698786,106.94,-0.039,102.0107,-0.04,1.2602,0.65,108.6,0.3577,1.3911,0.246,107.2162,0.657142857142857,23.979,6.43,120.6497,7.37
2020-05-31,0.05,255.802,0.65,1.1107,-0.27195,81.85,0.479135742756966,107.77,-0.042,101.9089,0.0,1.232,0.33,108.6,0.2743,1.3809,0.235,107.5323,0.551,22.17,5.93,121.1141,6.06
2020-06-30,0.08,257.042,0.66,1.1237,-0.376,82.13,0.351459291517374,107.77,-0.042,101.7053,0.03,1.2369,0.19,108.8,0.278,1.3614,0.1925,108.4014,0.561363636363636,23.0821,5.64,121.7769,
2020-07-31,0.09,258.352,0.55,1.1822,-0.444130434782609,81.84,0.220885310186352,105.78,-0.065,101.8071,0.01,1.3133,0.1,109.2,0.2094,1.3384,0.18,108.4014,0.516363636363636,22.226,5.2,122.5766,5.81
2020-08-31,0.1,259.316,0.72,1.195,-0.479714285714286,81.5,0.160071953925014,105.84,-0.065,101.9089,0.045,1.3375,0.07,108.8,0.2717,1.3034,0.1575,108.2433,0.5635,21.88,4.95,123.0592,5.77
2020-09-30,0.09,259.997,0.69,1.1723,-0.491363636363636,81.56,0.123463670294754,105.58,-0.055,101.7053,0.015,1.2921,0.06,109.2,0.273,1.3323,0.142,108.1643,0.55952380952381,22.091,4.71,123.341,5.68
2020-10-31,0.09,260.319,0.88,1.1647,-0.509136363636364,81.71,0.0003605895975517,104.54,-0.055,101.6035,0.04,1.2933,0.05,109.2,0.3058,1.3332,0.1,108.6384,0.602857142857143,21.276,4.53,124.0939,
2020-11-30,0.09,260.911,0.84,1.1948,-0.520857142857143,81.43,-0.0550423146444472,104.38,-0.055,101.298,0.03,1.3338,0.04,109.1,0.3836,1.2982,0.1075,108.7964,0.6885,20.15,4.49,124.1875,6.07
2020-12-31,0.09,262.045,0.93,1.223,-0.538090909090909,81.7,-0.0918818166552814,103.19,-0.055,101.0944,0.02,1.3662,0.03,109.4,0.3224,1.2753,0.106,108.5594,0.730952380952381,19.892,4.48,124.6609,5.67
2021-01-31,0.09,262.687,1.11,1.2135,-0.54715,81.84,-0.0637567597967504,104.64,-0.055,101.6035,0.055,1.3723,0.03,109.3,0.3672,1.2776,0.0575,109.1915,0.8055,20.255,4.44,125.7322,5.61
2021-02-28,0.08,263.579,1.44,1.2093,-0.5411,82.01,0.0632093685662669,106.64,-0.055,101.6035,0.15,1.3947,0.05,109.4,0.6222,1.2698,0.0825,109.7445,1.09947368421053,20.935,4.33,126.5273,
2021-03-31,0.07,264.961,1.74,1.1743,-0.539086956521739,82.78,0.147856238199887,110.61,-0.065,101.7053,0.12,1.3795,0.08,109.7,0.8456,1.2571,0.106,110.2976,1.49652173913043,20.441,4.24,127.5735,6.25
2021-04-30,0.07,266.614,1.65,1.203,-0.53815,83.25,0.204919188611819,109.33,-0.065,100.8908,0.09,1.3838,0.09,110.4,0.8515,1.2291,0.0925,110.8507,1.51619047619048,20.169,4.25,127.991,6.68
2021-05-31,0.06,268.383,1.58,1.2194,-0.540095238095238,83.47,0.377151027497333,109.83,-0.065,101.1962,0.08,1.4188,0.08,111.0,0.9058,1.2087,0.0975,111.4037,1.524,19.93,4.26,128.2523,
2021-06-30,0.08,270.654,1.45,1.1848,-0.542909090909091,83.69,0.303973297148943,111.05,-0.072,101.298,0.05,1.3806,0.08,111.4,0.8549,1.2404,0.128,111.7198,1.425,19.906,4.31,128.9357,6.54
2021-07-31,0.1,271.903,1.24,1.1864,-0.544818181818182,83.61,0.163364532874183,109.7,-0.072,,0.015,1.3913,0.08,111.4,0.6979,1.2466,0.1675,112.4309,1.25142857142857,19.846,4.58,129.6932,6.9
2021-08-31,0.09,272.676,1.3,1.18,-0.547590909090909,83.9,0.0594693793304723,110.05,-0.072,,0.02,1.3747,0.07,112.1,0.644,1.2629,0.1775,112.6679,1.19190476190476,20.074,4.71,129.9408,6.98
2021-09-30,0.08,273.91,1.52,1.1577,-0.545045454545454,84.3,0.19708119822436,111.5,-0.072,,0.065,1.347,0.07,112.4,0.8023,1.2673,0.132,112.9049,1.263,20.562,4.8,130.7416,
2021-10-31,0.08,276.55,1.55,1.1552,-0.549809523809524,85.02,0.352497867398119,114.03,-0.072,,0.095,1.3686,0.16,113.4,1.083,1.2397,0.12,113.695,1.597,20.551,5.06,131.8368,7.61
2021-11-30,0.08,278.919,1.43,1.1287,-0.567363636363636,85.4,0.31220618663745,113.22,-0.072,,0.05,1.3252,0.13,114.1,0.9394,1.2812,0.1175,113.9321,1.68571428571429,21.453,5.27,133.3462,7.54
2021-12-31,0.08,280.845,1.52,1.1318,-0.58195652173913,85.76,0.278432004803968,115.17,-0.049,,0.07,1.35,0.16,114.7,0.8375,1.2777,0.078,113.774,1.45,20.514,5.62,133.8299,7.57
2022-01-31,0.08,282.543,1.79,1.1212,-0.560142857142857,86.02,0.534543052161387,115.22,-0.049,,0.17,1.3439,0.53,114.6,1.2051,1.2694,0.305,114.8012,1.759,20.637,5.87,134.6216,
2022-02-28,0.08,284.5,1.83,1.1224,-0.53150000005,86.83,0.944137981439139,115.11,-0.049,,0.18,1.3419,0.81,115.4,1.4891,1.2662,0.325,115.9863,1.87947368421053,20.403,6.18,135.7385,7.68
2022-03-31,0.2,287.674,2.32,1.1093,-0.495434782608696,88.94,1.05348656280789,121.44,-0.049,,0.21,1.3152,0.99,116.5,1.5457,1.2482,0.566,117.6455,2.13217391304348,19.911,6.57,137.0824,8.6
2022-04-30,0.33,288.561,2.89,1.0537,-0.447894736842105,89.45,1.56787670049276,129.84,-0.049,,0.215,1.2565,1.13,119.0,1.8362,1.2802,1.0475,118.3566,2.704,20.359,6.98,137.82399999999998,8.86
2022-05-31,0.77,291.298,2.85,1.0731,-0.385727272727273,90.19,1.87413073196545,128.53,-0.049,,0.235,1.2624,1.31,119.7,1.9069,1.2639,1.3675,120.0158,2.91857142857143,19.68,7.38,138.067,8.87
2022-06-30,1.21,294.957,2.98,1.0469,-0.239227272727273,90.92,2.43874400034351,135.69,0.005,,0.225,1.2162,1.57,120.5,2.3824,1.2871,1.834,120.8059,3.31545454545455,20.118,7.84,139.2329,9.22
2022-07-31,1.68,294.913,2.67,1.0202,0.0366190476190476,91.02,2.09295536201857,133.25,-0.031,,0.18,1.2183,1.84,121.2,2.1454,1.2801,2.445,120.9639,3.04315789473684,20.363,8.35,140.2642,8.78
2022-08-31,2.33,295.097,3.15,1.0065,0.394739130434783,91.58,2.05655468594624,138.69,-0.02,,0.22,1.1647,2.23,121.8,2.3278,1.3091,2.908,120.5689,2.85909090909091,20.086,8.81,141.2396,
2022-09-30,2.56,296.349,3.83,0.9783,1.01086363636364,92.67,2.81380130289941,144.71,-0.016,,0.24,1.1134,2.91,122.3,3.5007,1.3752,3.42,120.6479,3.14789473684211,20.115,9.22,142.1158,9.1
2022-10-31,3.08,298.007,4.1,0.9885,1.42766666666667,94.05,3.18415701723283,148.63,-0.016,,0.245,1.1515,3.39,124.3,4.1096,1.3639,3.76,121.517,3.38052631578947,19.848,9.9,142.9201,9.52
2022-11-30,3.78,298.786,3.68,1.0323,1.82522727272727,93.98,2.93745167542338,139.31,-0.016,,0.25,1.1962,3.52,124.8,3.4171,1.3538,3.988,121.675,3.16619047619048,19.366,10.39,143.7426,9.75
2022-12-31,4.1,298.832,3.88,1.0698,2.06347619047619,93.65,2.99956037669529,131.81,-0.015,,0.41,1.2077,3.78,125.3,3.5015,1.3532,4.1675,120.9639,2.9415,19.496,10.82,144.2914,8.94
2023-01-31,4.33,300.42,3.52,1.0858,2.34486363636364,93.45,3.04407454825526,130.17,-0.006,,0.49,1.2324,4.01,124.8,3.5115,1.3333,4.325,121.596,2.93761904761905,18.798,10.94,145.2702,8.69
2023-02-28,4.57,301.45,3.92,1.0602,2.64035,94.21,3.22104313833771,136.09,0.001,,0.5,1.2093,4.21,126.0,3.5553,1.3616,4.45,122.0701,3.17421052631579,18.345,11.27,146.0802,9.38
2023-03-31,4.65,301.821,3.48,1.0872,2.91056521739131,95.06,3.23313142561768,132.75,-0.008,,0.32,1.2369,4.33,126.8,3.5638,1.3525,4.388,122.7021,2.99347826086957,18.025,11.51,146.4715,
2023-04-30,4.83,302.845,3.44,1.104,3.167,95.66,3.1931480944096906,135.99,-0.001,,0.385,1.2582,4.52,128.3,3.6503,1.3552,4.3675,123.5712,2.91611111111111,17.9973,11.64,146.4419,8.89
2023-05-31,5.06,303.334,3.64,1.0654,3.3664347826087,95.69,3.20531259225322,139.78,-0.019,,0.43,1.2396,4.73,129.1,3.9621,1.3588,4.478,124.0453,3.04545454545455,17.7488,11.59,146.1236,8.76
2023-06-30,5.08,304.014,3.81,1.092,3.53586363636364,95.93,3.16421521524494,144.47,-0.003,,0.395,1.2709,5.09,129.4,4.3659,1.3232,4.8325,124.2033,3.33818181818182,17.1439,11.51,146.2719,8.57
2023-07-31,5.12,304.609,3.97,1.102,3.67180952380952,95.83,3.26889752032579,142.18,-0.003,,0.595,1.2857,5.49,129.0,4.4372,1.316,4.935,124.9144,3.452,16.7183,11.5,146.9769,
2023-08-31,5.33,306.082,4.09,1.0839,3.78030434782609,96.35,3.34243979581141,145.68,-0.003,,0.64,1.2667,5.53,129.4,4.5298,1.3539,5.054,125.3885,3.65409090909091,16.881,11.5,147.7904,9.1
2023-09-30,5.33,307.276,4.59,1.0584,3.88004761904762,96.67,3.50431109850626,149.43,0.024,,0.765,1.2214,5.52,130.1,4.4199,1.3535,5.0375,125.2304,3.816,17.4064,11.51,148.4463,9.68
2023-10-31,5.33,307.696,4.88,1.0568,3.96763636363636,96.75,3.72206836479434,151.46,-0.012,,0.95,1.2135,5.4,130.2,4.5695,1.3878,5.08,125.3095,4.062,18.053,11.51,149.0042,
2023-11-30,5.33,308.148,4.37,1.0908,3.97163636363636,96.21,3.41868826496933,147.87,0.024,,0.66,1.264,5.36,130.0,4.2721,1.3587,4.996,125.4675,3.71095238095238,17.3758,11.51,149.958,10.23
2023-12-31,5.33,308.741,3.88,1.1062,3.93309523809524,96.37,2.86427500083621,140.92,0.052,,0.62,1.2743,5.22,130.5,3.8622,1.3202,4.9475,125.0724,3.23421052631579,16.8998,11.5,151.0167,9.39
2024-01-31,5.33,309.698,3.99,1.0855,3.9252727272727297,96.03,2.90441648057449,146.26,0.025,,0.73,1.2733,5.2,130.0,3.9319,1.3384,4.948,125.0724,3.34636363636364,17.1762,11.66,152.3651,9.31
2024-02-29,5.33,310.967,4.25,1.0807,3.92319047619048,96.63,3.02538498713333,149.9,0.027,,0.71,1.2632,5.21,130.8,4.123,1.3568,4.935,125.4675,3.504,17.058,11.65,152.5089,
2024-03-31,5.33,312.345,4.2,1.0791,3.9223809523809505,97.35,2.95329790278577,151.22,0.109,,0.725,1.2637,5.2,131.6,4.033,1.354,4.905,126.2576,3.444,16.5574,11.61,152.947,9.2
2024-04-30,5.33,313.023,4.69,1.0684,3.88636363636364,97.91,3.07356096825179,157.54,0.109,,0.87,1.2514,5.18,132.2,4.2172,1.3748,4.925,126.8896,3.69590909090909,17.0642,11.41,153.2561,9.85
2024-05-31,5.33,313.175,4.51,1.0846,3.81365217391304,98.13,3.12149195085422,157.19,0.129,,1.07,1.2738,5.16,132.7,4.2229,1.3646,4.868,127.6007,3.64181818181818,16.994,11.4,152.9721,9.64
2024-06-30,5.33,313.044,4.36,1.0711,3.7245,98.33,3.1650202317552294,160.88,0.149,,1.05,1.264,5.16,133.0,4.1644,1.3684,4.6475,127.5217,3.3915,18.261,11.39,153.5505,
2024-07-31,5.33,313.569,4.09,1.0823,3.68482608695652,98.3,3.11299627992368,150.38,0.166,,1.045,1.284,5.09,132.9,4.1386,1.3806,4.508,128.0748,3.40772727272727,18.5975,11.4,155.1579,9.95
2024-08-31,5.33,314.062,3.91,1.106,3.54759090909091,98.43,2.90591245915688,145.95,0.255,,0.89,1.3132,4.91,133.4,3.9444,1.3493,4.2325,127.8378,3.0715,19.6576,11.23,,9.74
2024-09-30,5.13,314.732,3.81,1.1145,3.43371428571428,98.34,2.83416486770752,143.25,0.256,,0.855,1.3399,4.84,133.5,3.9053,1.3511,4.0425,127.2847,2.94444444444444,19.6903,11.14,,9.21
2024-10-31,4.83,315.631,4.28,1.0855,3.16660869565217,98.68,2.86593395053269,152.35,0.256,,0.935,1.2856,4.75,134.3,4.1993,1.3939,3.71,127.8378,3.18636363636364,20.0314,10.89,,10.06
2024-11-30,4.64,316.528,4.18,1.0547,3.0067619047619,98.36,2.9291315226785,150.41,0.362,,1.05,1.2699,4.68,134.6,4.4164,1.4014,3.48,127.8378,3.2785,20.3142,10.8,,10.02
2024-12-31,4.48,317.604,4.58,1.0351,2.81609090909091,98.71,2.81234302970702,157.37,0.386,,1.09,1.2521,4.64,135.1,4.4345,1.44,3.195,127.3637,3.1615,20.8557,10.64,,10.43
2025-01-31,4.33,318.961,4.58,1.04,2.7031304348,98.43,3.0879565217,154.91,0.76727,,1.245,1.2447,4.55,135.1,4.6627,1.4459,3.058,127.4427,3.28863636363636,20.629,10.38,,10.33
2025-02-28,4.33,319.679,4.24,1.0402,2.52495,98.85,2.988655,150.64,0.79182,,1.37,1.2591,4.44,135.6,4.5063,1.4433,2.8425,128.7859,3.05631578947368,20.5254,9.96,,9.85
2025-03-31,4.33,319.785,4.23,1.0796,2.4424285714,99.46,3.313772381,149.9,0.82091,,1.485,1.2896,4.39,136.1,4.6448,1.4379,2.66,129.1809,3.01047619047619,20.4582,9.82,,
2025-04-30,4.33,320.302,4.17,1.1349,2.2481818182,100.02,3.0972209091,142.63,0.78364,,1.31,1.3344,4.26,,4.5762,1.3807,2.622,,3.10857142857143,19.5914,9.35,,9.26
2025-05-31,4.33,320.62,4.41,1.1347,2.0912727273,99.96,3.0709945455,144.18,0.77545,,1.5,1.3468,4.19,,4.6004,1.3747,2.6225,,3.22142857142857,19.3901,9.12,,9.41
2025-06-30,4.33,321.435,4.24,1.177,1.9836190476,100.26,3.0847609524,144.17,0.77273,,1.42,1.3722,4.15,,4.5248,1.362,2.66,,3.314,18.8292,8.8,,9.39
2025-07-31,4.33,322.169,4.37,1.1431,1.9863478261,100.28,3.1735630435,150.6,0.77273,,1.545,1.322,4.05,,4.5924,1.3845,2.662,,3.48045454545455,18.797,8.31,,9.47
2025-08-31,4.33,323.291,4.23,1.1695,2.0210952381,100.42,3.2050457143,146.9,0.77273,,1.6,1.3511,3.98,,4.6369,1.3726,2.655,,3.4225,18.6381,8.14,,9.14
2025-09-30,4.22,324.245,4.16,1.1735,2.0272727273,100.52,3.2330461969,147.97,0.81818,,1.645,1.3443,3.97,,4.6885,1.3927,2.4925,,3.2245,18.3442,8.07,,8.79
2025-10-31,4.09,,4.11,1.1541,2.0344347826,100.73,3.1239221739,154.05,0.80909,,1.655,1.3141,3.93,,4.5721,1.401,2.334,,3.12818181818182,18.5465,7.86,,8.71
2025-11-30,3.88,325.063,4.02,1.16,2.04165,100.44,3.1361575,156.17,0.80636,,1.805,1.3239,3.84,,4.4985,1.3974,2.185,,3.17421052631579,18.2915,7.66,,8.96
2025-12-31,3.72,326.031,4.18,1.1736,2.0457826087,100.62,3.2447326087,156.8,1.07273,,2.06,1.3447,3.75,,4.4826,1.3712,2.164,,3.38761904761905,18.0057,7.52,,9.2
2026-01-31,3.64,326.588,4.26,1.1885,2.0277272727,100.04,3.2209840909,154.34,1.11636,,2.24,1.3729,3.71,,4.451,1.3557,2.19,,3.40238095238095,17.3493,7.34,,9.21
2026-02-28,3.64,327.46,3.97,1.1822,,100.7,,156.05,1.22909,,2.11,1.3455,,,4.4324,1.3632,2.1775,,3.28842105263158,17.2207,7.33,,8.74
2026-03-31,3.64,330.293,4.3,1.1518,,101.98,,159.08,1.26882,,2.345,1.3184,,,4.7007,1.3953,2.23,,3.44090909090909,18.0327,7.28,,
2026-04-30,3.64,332.407,4.4,1.1729,,103.02,,156.66,,,2.515,1.358,,,4.8207,1.3611,2.272,,3.48333333333333,17.5161,7.06,,8.88
2026-05-31,,,4.45,1.1603,,,,159.2,,,,1.3439,,,,1.3817,,,3.53,17.3241,,,
